Date,Open,High,Low,Close,Volume
2021-03-01,2201.4941534093546,2268.400338771811,2201.4941534093546,2261.1259765625,2545806
2021-03-02,2283.8105127954245,2299.6517430975828,2257.9668900605225,2288.02197265625,2033586
2021-03-03,2302.9540658696887,2314.1529229443963,2274.0475403749524,2299.22119140625,1591567
2021-03-04,2278.067468098899,2330.711884378496,2249.352331946392,2313.57861328125,2149984
2021-03-05,2296.2537694979587,2320.08723953421,2275.291813137612,2284.863525390625,1953642
2021-03-08,2280.938809404829,2310.132528954493,2258.971778644496,2280.651611328125,1593838
2021-03-09,2297.210980251787,2339.3265148897367,2293.5257774972124,2318.938720703125,1800442
2021-03-10,2341.241028274817,2341.241028274817,2312.0952085722174,2327.792724609375,1056102
2021-03-12,2338.1778736632564,2359.0919243476446,2294.3393855995314,2298.503173828125,1279203
2021-03-15,2299.651471973857,2323.5807494627443,2242.699791550307,2254.137939453125,1524449
2021-03-16,2277.3017967097085,2373.784705677342,2273.616827599027,2362.873046875,4230564
2021-03-17,2354.641467098827,2354.641467098827,2307.83588262904,2319.17822265625,1623187
2021-03-18,2363.1120691826386,2363.1120691826386,2287.6390311052746,2301.56591796875,1851739
2021-03-19,2290.5106299005315,2329.7546482147486,2254.473228507687,2307.97900390625,3738079
2021-03-22,2287.6393351347224,2333.6793666921526,2287.6393351347224,2321.810302734375,1489853
2021-03-23,2325.926296536805,2329.707076495941,2295.488201968702,2307.070068359375,1745466
2021-03-24,2307.0700501069214,2364.213130450152,2306.7828519776785,2338.89599609375,4132092
2021-03-25,2345.978747212274,2363.25573441337,2289.5535507155864,2299.316650390625,2272545
2021-03-26,2321.140477321424,2406.2808204640232,2305.921546634605,2397.857666015625,3084607
2021-03-30,2430.3537229306003,2472.804129554041,2413.5074147041964,2467.635498046875,2332884
2021-03-31,2467.635223145657,2472.3252684839576,2422.600272101251,2428.72607421875,1616044
2021-04-01,2423.55705375294,2454.713017590777,2423.55705375294,2442.461181640625,1219588
2021-04-05,2448.4439768400666,2448.4439768400666,2378.0918922826995,2403.121826171875,1268939
2021-04-06,2417.8145825126294,2507.788680199164,2397.235400594964,2499.74853515625,3372846
2021-04-07,2493.43141418958,2553.7811156921643,2488.7413679591123,2516.020751953125,1937977
2021-04-08,2517.360240735477,2544.543809176894,2515.445898347085,2537.125732421875,897483
2021-04-09,2522.146293295218,2541.289718671273,2498.360493791713,2518.126220703125,1185017
2021-04-12,2467.7791084832493,2498.217203911466,2445.572780074252,2490.751220703125,1427691
2021-04-13,2488.645509078371,2513.531964169155,2454.474538632908,2460.600341796875,1200230
2021-04-15,2479.07361098964,2482.471615764748,2428.3435332357976,2476.8720703125,1209829
2021-04-16,2476.776353402821,2578.140692579589,2471.128902968981,2549.616943359375,2760777
2021-04-19,2536.503699937596,2536.503699937596,2456.9150075057573,2461.74853515625,1552036
2021-04-20,2488.6450058557803,2493.14366355257,2420.4944662784487,2444.280029296875,1489287
2021-04-22,2446.1945988677403,2447.486873522275,2381.442057615729,2403.6962890625,1690758
2021-04-23,2418.8676324126827,2455.144330409696,2389.2908996836604,2410.109375,1614593
2021-04-26,2421.642919768892,2464.715619922884,2421.642919768892,2448.347900390625,1103980
2021-04-27,2436.0009234164645,2469.4061078316,2425.4720392681024,2464.093994140625,866331
2021-04-28,2477.159079247492,2508.027850617558,2464.715853578938,2502.572021484375,1065561
2021-04-29,2517.360518860376,2528.84657445974,2459.9302408635613,2501.519287109375,1295346
2021-04-30,2483.859620964061,2494.1971181465733,2415.948361301174,2427.769287109375,1384907
2021-05-03,2402.499997636266,2483.9553699143485,2398.28853732931,2471.559814453125,1034774
2021-05-04,2493.430813121416,2505.826132614841,2461.4134853097617,2476.34521484375,1058140
2021-05-05,2504.917158675201,2504.917158675201,2437.053810593712,2457.6806640625,1220186
2021-05-06,2469.3581157924928,2471.272458116518,2419.728697568382,2439.877197265625,1518119
2021-05-07,2445.5728284720803,2479.073826122383,2432.651015092678,2442.3662109375,1416102
2021-05-10,2478.116597142038,2478.116597142038,2433.2730264276006,2447.439208984375,1526814
2021-05-11,2424.5150530065707,2452.2730224251222,2413.316194840107,2446.769287109375,1168363
2021-05-12,2466.6304008664592,2478.068550982648,2421.643350482011,2446.72119140625,2085630
2021-05-14,2507.788672860538,2713.819784247268,2490.1289100499816,2655.671630859375,10543708
2021-05-17,2662.8504809204023,2703.2430618955445,2629.875977309435,2663.568359375,2134352
2021-05-18,2677.207665745552,2723.1518802452965,2669.5502966622607,2700.945556640625,1328605
2021-05-19,2685.0088131957496,2726.980865587015,2678.7872001293,2695.250732421875,1219067
2021-05-20,2693.479988088741,2723.152297836698,2659.5004075709194,2674.432373046875,1211975
2021-05-21,2686.779875658512,2731.7669273706424,2675.293819902224,2711.187744140625,1328308
2021-05-24,2724.109266441064,2726.9807800739954,2687.928147929251,2698.45703125,813091
2021-05-25,2715.3990611398767,2797.47649690008,2701.8551812491214,2789.579833984375,2730112
2021-05-26,2813.939940577953,2821.6449820499884,2785.7510608409443,2815.614990234375,1250531
2021-05-27,2823.655026787714,2838.0125947205333,2777.9501022015743,2823.032958984375,2415085
2021-05-28,2831.455763776007,2836.863921022091,2805.612142544581,2814.753173828125,711383
2021-05-31,2812.169031899402,2861.8940298211965,2810.350500063212,2849.977294921875,2093635
2021-06-01,2838.012570368475,2854.858876738846,2790.24982159555,2805.46875,1194073
2021-06-02,2793.8394195331216,2808.101177801759,2753.925191132066,2779.338134765625,2067842
2021-06-03,2794.557364827776,2815.997908043404,2779.673304674828,2809.6328125,1404434
2021-06-04,2826.526979338736,2861.9423190730854,2783.454268851014,2799.63037109375,1509084
2021-06-07,2804.51167964516,2815.040563084101,2779.5773225824287,2807.47900390625,802415
2021-06-08,2802.597657251175,2818.151691380386,2782.975644965092,2800.922607421875,762931
2021-06-09,2805.277512023839,2838.012721637724,2794.55724089146,2817.4814453125,1340352
2021-06-10,2832.8241490864625,2846.579505165725,2809.40155327212,2838.2109375,1344559
2021-06-11,2847.2524246828752,2858.4106700133875,2826.667653116585,2843.645263671875,878445
2021-06-14,2842.539227298897,2856.871586777557,2805.409421830554,2837.537109375,746823
2021-06-15,2856.8717024222506,2933.8244755514693,2848.1663729937623,2926.321533203125,2262031
2021-06-16,2913.62451386398,2926.3216750776423,2891.019635661338,2903.716796875,859505
2021-06-17,2902.995209720852,2956.8621506491604,2886.209933131972,2943.732177734375,1533864
2021-06-18,2944.934355945385,2960.565386802591,2901.167469545209,2931.130859375,2293860
2021-06-21,2909.0071808925945,2961.864070360746,2905.977259364579,2951.66796875,720491
2021-06-22,2967.491326188428,2975.042411019758,2889.768978035085,2896.11767578125,1199238
2021-06-23,2914.5861422832245,2914.5861422832245,2869.8573450501653,2873.560791015625,1009007
2021-06-24,2873.5608874591035,2933.5358132442902,2862.114021716998,2927.33154296875,985596
2021-06-25,2914.7784946801703,2937.1910358799523,2871.3002266584763,2889.480224609375,786964
2021-06-28,2908.814807594235,2923.099259960876,2862.883621396277,2869.328369140625,891695
2021-06-29,2875.147760999058,2908.6704041061057,2859.8053500255346,2887.171630859375,1242734
2021-06-30,2884.7668645032154,2914.586061835526,2871.925277522011,2878.706787109375,924522
2021-07-01,2893.424039189191,2911.6040364563896,2882.8430337267305,2906.506103515625,848235
2021-07-02,2917.423656263189,2923.050921324784,2885.4883047094363,2890.538330078125,805542
2021-07-05,2904.9672153676106,2933.8245055864945,2892.5586745099827,2899.96533203125,863343
2021-07-06,2888.6144997170327,2914.1051038603896,2881.881132584825,2888.133544921875,762630
2021-07-07,2948.2532152823787,2952.100854062519,2896.550569174245,2924.3017578125,1234865
2021-07-08,2933.824319366213,2942.481505882376,2903.8127864117587,2912.950927734375,907391
2021-07-09,2906.890724002706,2923.3873792113754,2892.4620804355186,2895.925048828125,547082
2021-07-12,2919.299402732037,2926.9467720602515,2877.1198069308075,2885.151611328125,765566
2021-07-13,2904.967321519293,2906.025516135812,2871.637244035045,2879.8134765625,703484
2021-07-14,2888.614788467164,2893.1838594778933,2870.530839393296,2887.604736328125,470744
2021-07-15,2895.348179411113,2896.31008910527,2857.9299862449184,2869.953857421875,635535
2021-07-16,2879.957451760932,2891.500367399252,2852.0620723016573,2875.4365234375,1062548
2021-07-19,2875.436340252042,2885.440105898122,2852.061890605316,2868.3662109375,837836
2021-07-20,2881.881520485887,3058.3919540670486,2866.0581525636167,3038.720947265625,6755922
2021-07-22,3010.7769954660216,3044.4438308785807,2972.3006121373824,2988.41259765625,1982572
2021-07-23,2987.6913076041246,3010.392468784481,2960.805980442447,2966.288818359375,815329
2021-07-26,2962.63395274065,3000.196576273011,2934.9790468195697,2944.59814453125,1136884
2021-07-27,2962.104264666862,2964.124368719948,2906.2174590122386,2913.287353515625,904289
2021-07-28,2914.923225957236,2917.4721927892497,2870.3386163149094,2889.673095703125,996594
2021-07-29,2889.6727186406697,2924.1570368403827,2876.398319213816,2883.27587890625,762683
2021-07-30,2893.424143353944,2894.049290671839,2839.4609196162087,2845.761474609375,1067423
2021-08-02,2871.877436992374,2873.031681560729,2847.877604254302,2860.767333984375,832285
2021-08-03,2904.9668284914933,2948.252758055108,2880.1495152401144,2911.7001953125,2433031
2021-08-04,2924.7823721552027,2936.998576891683,2897.271664143519,2903.620361328125,659295
2021-08-05,2918.433976232643,2924.205434326709,2866.538995838414,2874.57080078125,693694
2021-08-06,2880.91935413119,2886.6908119357936,2848.6472389388723,2853.456787109375,744159
2021-08-09,2880.5826134826925,2900.1575686203164,2859.805506134622,2878.562744140625,825462
2021-08-10,2883.805178046393,2893.7128945723025,2847.781708030703,2863.749267578125,724335
2021-08-11,2873.608632739529,2887.123509529622,2840.0862242284893,2859.37255859375,987941
2021-08-12,2860.719000909773,2871.5404833442844,2845.328448114025,2862.161865234375,438552
2021-08-13,2867.3564326286187,2887.652820540259,2859.853725098465,2874.859375,572250
2021-08-16,2866.490533860648,2870.482364660918,2847.252342358227,2858.218017578125,461742
2021-08-17,2860.719131732864,2928.052803293489,2859.8535070349967,2900.446044921875,2036757
2021-08-18,2931.9006271905896,2931.9006271905896,2878.562783811814,2887.219970703125,1375320
2021-08-20,2887.171921486626,3005.054000431613,2887.171921486626,2994.376708984375,3931334
2021-08-23,3038.7204293173195,3043.33764215355,2934.7860548415,2960.228515625,1578949
2021-08-24,2974.9940249957053,2974.9940249957053,2918.962791414452,2929.928466796875,763704
2021-08-25,2910.739018212446,2953.0630488804395,2897.849520990969,2922.330078125,797870
2021-08-26,2947.29100079146,2967.0101475004108,2910.930771111104,2923.868408203125,1319516
2021-08-27,2924.638562329818,2941.471983587433,2905.448509064388,2921.127685546875,634375
2021-08-30,2940.2692249095817,2995.627173077346,2931.948800247014,2990.336669921875,1051747
2021-08-31,2990.3365000080075,3087.7298480179184,2984.853662199396,3079.409423828125,2283290
2021-09-01,3107.016238549685,3206.044787709461,3092.539451690944,3176.947021484375,2423168
2021-09-02,3186.7588432966954,3192.5784442232302,3142.2223751270194,3175.84130859375,847517
2021-09-03,3175.8410310129525,3217.5396739167536,3161.316101193904,3211.6240234375,832039
2021-09-06,3214.701984235772,3220.1848221598507,3179.976952647904,3189.259521484375,664394
2021-09-07,3206.525403101876,3265.29816904361,3197.243070117719,3209.170654296875,1285818
2021-09-08,3217.587514818851,3233.5071651862704,3171.4158554133787,3209.507568359375,702598
2021-09-09,3179.11117523246,3231.0542927702977,3179.11117523246,3218.88623046875,591745
2021-09-13,3219.126604031113,3245.4828318470363,3203.4955737947425,3238.797607421875,610920
2021-09-14,3255.9678244316,3259.5270779484536,3228.986447085448,3234.421142578125,569412
2021-09-15,3233.7959028461064,3255.0539642338376,3219.463308812074,3224.609619140625,587855
2021-09-16,3222.3975768709474,3242.597681084168,3207.968931004361,3214.798583984375,516746
2021-09-17,3224.321272072384,3253.1785626935566,3159.9214654710463,3177.23583984375,1545695
2021-09-20,3174.253440603539,3188.7302266096303,3140.634748078565,3146.935302734375,689288
2021-09-21,3146.935562797214,3207.968683128674,3146.406465521407,3183.1513671875,922057
2021-09-22,3201.716260023196,3203.1109820430947,3162.999396731643,3191.13525390625,825945
2021-09-23,3212.777838310842,3212.777838310842,3188.730100000132,3194.164794921875,694716
2021-09-24,3203.159121263681,3371.4933093180784,3194.35774193904,3317.24169921875,2775975
2021-09-27,3329.7461415076964,3337.826087668167,3287.470029556061,3299.974853515625,902449
2021-09-28,3294.444334565166,3299.061547949018,3222.3973942248103,3250.966064453125,961271
2021-09-29,3236.825939392764,3252.889783416454,3183.920909179806,3196.473876953125,973387
2021-09-30,3203.062605875995,3220.184643311416,3097.3488373212936,3121.059814453125,2077896
2021-10-01,3124.282555782772,3129.043961601204,3049.2536027805995,3056.8046875,1512332
2021-10-04,3080.804146907893,3107.4489961455733,3056.9487416036627,3079.64990234375,921241
2021-10-05,3086.334971694392,3135.8251716841733,3070.0785591941303,3130.775146484375,909337
2021-10-06,3137.7490444903297,3155.063416900148,3078.735797923718,3089.89404296875,786378
2021-10-07,3097.3488562703674,3191.615995374248,3097.3488562703674,3165.500244140625,1177283
2021-10-08,3181.035249746365,3202.197262293816,3139.7694192153263,3180.93896484375,882436
2021-10-11,3199.6960577019377,3216.9625232089616,3172.1374410971657,3180.121337890625,460197
2021-10-12,3155.063667202663,3207.968698207586,3155.063667202663,3196.666259765625,564524
2021-10-13,3215.663976553097,3230.9582461305754,3166.029344420335,3196.90673828125,770144
2021-10-14,3214.702151921384,3225.235015953598,3164.682848540201,3172.185791015625,648597
2021-10-18,3128.611035103528,3158.8630456461246,3108.891887918402,3118.030029296875,1576121
2021-10-19,3136.691219235253,3144.5790665789405,3055.1214652648946,3062.47998046875,1042069
2021-10-20,3068.4917592528263,3097.300906074432,3017.1737858943507,3048.868896484375,1205540
2021-10-21,3072.33922908816,3073.733951024796,2809.2088138929093,2887.652587890625,5103543
2021-10-22,2861.6807916888715,2888.566115519862,2801.2246850607503,2868.798828125,2855592
2021-10-25,2837.63360257784,2837.63360257784,2748.416478293401,2806.900634765625,2161537
2021-10-26,2806.90037703242,2908.814652975128,2787.6140424344976,2856.67919921875,1988263
2021-10-27,2913.816501406339,3025.2056795979324,2913.816501406339,2976.7734375,4609951
2021-10-28,2988.330363085042,3031.2822889705494,2948.8454952518205,3001.138916015625,1791065
2021-10-29,3009.5173377560736,3028.48928802958,2969.358385424765,2985.53759765625,1118903
2021-11-01,3012.4061374408934,3026.129534966,2977.399341636461,3006.435302734375,750393
2021-11-02,3004.7016038143,3023.769949477592,2966.1797883807835,2988.6669921875,881916
2021-11-03,2987.463402566662,3065.277287302624,2980.625685782886,3053.47998046875,879227
2021-11-04,3061.5216132747587,3072.115113666713,3028.7780666087187,3042.50146484375,263595
2021-11-08,3048.0386019938305,3063.4473279438785,2980.7697887207537,3022.036376953125,787824
2021-11-09,3023.9625294216185,3038.408210294652,3004.7016215909075,3028.922119140625,668840
2021-11-10,3016.2584571283555,3020.7365245833867,2966.66161468196,2993.434326171875,872975
2021-11-11,2975.8104998559143,2991.845112870836,2939.214772025971,2950.289794921875,958143
2021-11-12,2974.84772274305,3012.4064994303203,2962.135568426452,3007.494873046875,682344
2021-11-15,3010.479816503512,3062.4842663087547,3010.479816503512,3051.601806640625,696377
2021-11-16,3048.0390209803536,3090.413023167758,3004.798371886528,3035.23046875,1400107
2021-11-17,3052.8544345203545,3120.1712253224546,3048.08740600751,3110.8779296875,1616452
2021-11-18,3129.753808361475,3139.5286270639617,3095.228529872262,3107.603759765625,1609821
2021-11-22,3121.230506105668,3186.0917154218923,3096.239522079253,3140.732177734375,2146970
2021-11-23,3140.7318360466074,3166.7822613501285,3054.346709994531,3067.829345703125,1482618
2021-11-24,3068.3112362700435,3090.316685404436,3033.593398134354,3040.334716796875,1056213
2021-11-25,3039.853461039372,3056.080873578325,2997.960977099815,3028.05615234375,728825
2021-11-26,2986.404416513168,3050.3025863540915,2976.7739604779754,3026.94873046875,1029110
2021-11-29,3015.2954517696294,3061.425237038655,2958.3793688370097,3028.10400390625,876651
2021-11-30,3000.9942749100323,3071.1522367682246,3000.9942749100323,3027.47802734375,2340489
2021-12-01,3039.2749645069816,3081.504600465604,3008.6503080686853,3022.180908203125,1741820
2021-12-02,3043.2236693737623,3075.96721518348,3035.760067020077,3063.0625,939320
2021-12-03,3067.2997231720224,3069.659137473836,2991.219133492088,2995.504638671875,1216263
2021-12-06,2999.886784337041,2999.886784337041,2916.342585768425,2926.021240234375,1107363
2021-12-07,2927.6587749874843,2955.587098827825,2904.9790029141145,2918.365478515625,2056459
2021-12-08,2919.8575733740727,3007.591112951384,2918.9909264667444,2993.626953125,1171484
2021-12-09,3035.9045224892816,3065.422007963663,2996.0345330686628,3061.232666015625,1287243
2021-12-10,3066.3371229545514,3170.346045466829,3061.232934363109,3161.822998046875,2554394
2021-12-13,3163.7007641026244,3217.534911769649,3150.073529645836,3158.644775390625,1265832
2021-12-14,3153.011008576573,3182.8654194702426,3128.934870759098,3175.642578125,863179
2021-12-15,3157.007449047353,3191.4845242859947,3145.788063242697,3179.927978515625,811946
2021-12-16,3202.1262108408027,3202.1262108408027,3149.736630942426,3176.701904296875,502930
2021-12-17,3153.973936857016,3171.597716108044,3108.421838775804,3123.83056640625,1019403
2021-12-20,3107.747923152282,3153.9741085601872,3063.44782880304,3119.73779296875,948872
2021-12-21,3127.0087324479737,3174.197961856644,3120.267413961021,3150.458984375,712026
2021-12-22,3154.6479569643006,3164.2302122392443,3121.230326624881,3158.885498046875,619865
2021-12-23,3168.419383835333,3185.657802544968,3129.897567618491,3147.135986328125,1051596
2021-12-24,3158.789199869397,3178.0501096246985,3140.491335601861,3163.411865234375,651404
2021-12-27,3158.8856090786526,3163.3636765643946,3106.9773160426007,3151.469970703125,640701
2021-12-28,3154.889028317399,3250.2787372445364,3152.048090963368,3243.72998046875,1211648
2021-12-29,3247.582279034837,3260.8723551492326,3222.543093791517,3243.0078125,598421
2021-12-30,3238.9628511203505,3264.724318827916,3226.4914586370305,3241.322265625,691223
2021-12-31,3264.724332433664,3279.170015320538,3237.181136348608,3257.934814453125,570671
2022-01-03,3257.9828599351554,3313.743099198489,3257.9828599351554,3295.9267578125,696276
2022-01-04,3307.0980381307663,3344.1270882433846,3288.848374082082,3331.463134765625,790886
2022-01-05,3341.767721256592,3409.1809029534106,3324.4811024023256,3396.46875,1024506
2022-01-06,3362.1362526830617,3406.8217056108174,3324.577477631148,3384.767822265625,1312743
2022-01-07,3384.7675127082243,3449.628716201802,3367.336531567368,3444.139404296875,964364
2022-01-10,3447.702588282239,3457.333042439452,3396.6611812490105,3422.181884765625,657511
2022-01-11,3419.389478250765,3432.294194023755,3365.8922532029223,3407.977294921875,734344
2022-01-12,3425.4565757733712,3450.062436262153,3403.402927028216,3412.8408203125,594543
2022-01-13,3428.4418456148283,3428.4418456148283,3322.506844767179,3328.52587890625,1153984
2022-01-14,3334.063399789646,3334.063399789646,3222.350125850998,3240.070068359375,1558978
2022-01-17,3240.070302304909,3273.3917718468524,3198.274220153986,3253.793701171875,1103159
2022-01-18,3254.1789988877604,3270.935896824021,3227.165525131751,3249.026611328125,558543
2022-01-19,3245.4632859495296,3245.4632859495296,3146.991885062782,3159.17431640625,1495218
2022-01-20,3160.7154063342177,3240.5517861396697,3102.9326749569927,3184.213623046875,3075678
2022-01-21,3178.098534978564,3202.078275282164,3121.9529320245606,3153.829833984375,1441694
2022-01-24,3147.2327594998687,3149.1588505399545,3019.1477053341764,3038.552978515625,1575665
2022-01-25,2985.4414817336337,3040.2868838662853,2899.489658428883,3030.801025390625,2699779
2022-01-27,3024.0590470597235,3026.85178475772,2957.7532751947656,3001.764404296875,1834684
2022-01-28,3014.332609325884,3052.8544318092813,2988.33037914959,2995.890380859375,892060
2022-01-31,3023.9629462338407,3075.437682482808,3020.4958882990245,3035.76025390625,944530
2022-02-01,3075.9671809310225,3093.6391590642424,3025.503693174803,3078.134033203125,1008915
2022-02-02,3086.367989924556,3124.2636858957458,3074.1853243659016,3079.5302734375,667265
2022-02-03,3094.120613045556,3121.8081692405835,3072.307492919929,3084.634521484375,899753
2022-02-04,3070.18894771929,3128.74215911606,3058.6806014163803,3117.041015625,705765
2022-02-07,3114.48901382551,3131.0533486935183,3026.948275666134,3057.38037109375,860393
2022-02-08,3061.521370682176,3104.376891599243,3049.1943423609805,3097.4912109375,799206
2022-02-09,3110.6367824968643,3138.565100358291,3103.654703031508,3109.0478515625,472725
2022-02-10,3101.006616955326,3127.9718918853723,3058.632613493825,3119.063720703125,728666
2022-02-11,3110.5888367026428,3110.5888367026428,3064.892373708295,3097.443359375,587840
2022-02-14,3023.962696489344,3065.084689956117,3004.701787594508,3027.28515625,681236
2022-02-15,3023.9626955289946,3149.1586033056724,3017.077014648684,3143.958251953125,676844
2022-02-16,3158.788922635003,3163.700548238942,3103.895334650188,3132.642333984375,624320
2022-02-17,3152.048035041245,3173.1868375039885,3116.8004744241657,3145.162353515625,636735
2022-02-18,3116.559439826023,3151.0847132654126,3110.6850036505207,3138.035400390625,423801
2022-02-21,3115.4522028255187,3157.2964829154967,3085.742155004639,3131.48681640625,547472
2022-02-22,3004.702334003056,3117.186109427908,3004.702334003056,3107.892578125,1147209
2022-02-23,3117.281840111696,3175.0645692814405,3110.636920304586,3117.57080078125,935896
2022-02-24,3014.3328383513926,3079.6273794454646,2938.733755983794,2955.63525390625,1823450
2022-02-25,2990.256197772694,3025.35915828806,2969.1173966350107,3003.931396484375,1239456
2022-02-28,2975.8108062174056,3072.596885837098,2903.5823885907694,3057.33251953125,1678348
2022-03-02,2992.182599812568,2996.2273442015426,2880.5657117813653,2917.016845703125,3014206
2022-03-03,2917.064547522456,2938.251546547049,2756.235964017586,2765.77001953125,4406840
2022-03-04,2757.9699517677136,2757.9699517677136,2563.675507923136,2636.963134765625,6979253
2022-03-07,2551.973994532254,2627.139737474158,2503.2922360714583,2608.3603515625,3233760
2022-03-08,2590.592189400205,2635.80712501306,2540.5138273746247,2622.7578125,2611102
2022-03-09,2648.3750354010067,2783.201400839604,2566.5643699675056,2768.70751953125,4076068
2022-03-10,2889.136706259054,2927.6585290091743,2784.3573013550163,2805.1591796875,3971987
2022-03-11,2809.2037315212524,2831.305578785655,2775.834298898383,2823.6494140625,1265493
2022-03-14,2840.984006679835,2862.5081659981875,2809.492468273561,2853.31103515625,1214217
2022-03-15,2887.210368042934,2919.9539145784443,2856.3929124801007,2876.76123046875,1857685
2022-03-16,2930.547518176518,2937.2888368183967,2899.489300147865,2929.58447265625,1287234
2022-03-17,2998.4417901004035,3046.401497039633,2962.809111046697,3020.688232421875,2867519
2022-03-21,3002.1015027294625,3002.1015027294625,2918.1239900259825,2933.195556640625,1259015
2022-03-22,2912.249648449972,2949.519462998689,2865.060418035273,2938.396240234375,1515772
2022-03-23,2946.9191918660576,2966.083703020652,2893.951690051472,2905.315673828125,948403
2022-03-24,2859.763858965509,2926.647327686926,2841.5141921897925,2913.550048828125,1243917
2022-03-25,2913.5496774871426,2951.301012508768,2880.468971877054,2934.351318359375,1083275
2022-03-28,2934.3511628249853,2945.570782914366,2884.946886304496,2915.57177734375,680332
2022-03-29,2955.5864145929104,2973.5953170488065,2901.3669100450693,2930.162109375,1120936
2022-03-30,2964.2535053595584,2979.9993904441944,2942.9701096654944,2967.67236328125,849545
2022-03-31,2999.8866265439865,3013.610024434276,2952.793797304718,2966.1318359375,1464862
2022-04-01,2995.071814184844,3005.665315778424,2973.547650990467,2999.068359375,637392
2022-04-04,3009.468998129625,3026.852016485678,2979.181264078411,3002.77587890625,873264
2022-04-05,2995.0715495723693,3040.334688745971,2966.180184142411,3024.7333984375,805874
2022-04-06,3021.07329722364,3048.038567329557,2997.960208561425,3037.445068359375,736379
2022-04-07,3037.4451577357368,3090.3644548520424,3029.259271927001,3038.408203125,1025244
2022-04-08,3050.9283991228067,3101.006769310429,3034.749186346173,3087.764892578125,678898
2022-04-11,3066.3364799041824,3102.932204224647,3033.592937091136,3040.767578125,672652
2022-04-12,3038.1196090030435,3045.2462868144544,2999.06806673355,3013.0322265625,794265
2022-04-13,3002.00576093426,3006.532028326498,2952.794270802184,2966.806396484375,1121350
2022-04-18,2943.067006704525,2944.9930976774986,2901.65605078558,2909.89013671875,1032504
2022-04-19,2918.027585801613,2946.1484646872864,2860.2448613302936,2880.661376953125,749782
2022-04-20,2880.7581088433126,2975.3291318128145,2869.875647451752,2969.0693359375,838182
2022-04-21,2975.618154083343,3057.0916656296204,2972.006733311296,3041.53857421875,1069035
2022-04-22,3006.1463816127016,3056.03218310302,2998.2012566252583,3047.4609375,681191
2022-04-25,3018.184416706998,3038.504769590562,2980.7220430422467,3014.91015625,1096774
2022-04-26,3014.332163889041,3032.341066215092,2991.0265117542403,3010.142822265625,1703441
2022-04-27,2981.5888685495456,3047.075962561616,2971.910214249056,3032.00439453125,963536
2022-04-28,3072.115182326675,3147.232732239365,3052.854272092652,3127.682861328125,2001838
2022-04-29,3128.9347845416714,3156.8631036403817,3102.258471598678,3117.57080078125,1088970
2022-05-02,3076.930377960205,3092.8206287384032,3037.493711688928,3081.74560546875,595522
2022-05-04,3060.558882936115,3076.641697254454,2967.5767842612145,2986.260009765625,1120002
2022-05-05,2990.0155019632903,3011.395064938324,2956.549670996796,2962.857666015625,724601
2022-05-06,2908.397553615831,2939.6001353091933,2892.8924262527803,2904.7861328125,923941
2022-05-09,2889.955076815196,2926.502605177144,2865.060257505096,2894.1923828125,998324
2022-05-10,2938.251659548684,3022.758897544553,2923.805977839988,2972.29541015625,2460016
2022-05-11,2976.195632026425,2994.638093882652,2868.912460514481,2940.8037109375,1883969
2022-05-12,2929.584642016892,2964.25428275082,2877.580180916,2927.6103515625,1254245
2022-05-13,2960.786818803952,3001.0903646802776,2923.1318830169794,2950.771240234375,1121729
2022-05-16,2975.7138807271467,2975.7138807271467,2874.883074597381,2889.039794921875,733044
2022-05-17,2888.077338585776,2943.645257469552,2841.9475486680326,2937.2890625,1179081
2022-05-18,2918.0280106882888,3013.176957862493,2914.175828495961,2985.53759765625,1379763
2022-05-19,2889.618005766299,2958.1867979395806,2889.5698064678763,2934.30322265625,772390
2022-05-20,2966.1802705294367,3009.5173199365227,2956.54981510564,2995.0234375,778957
2022-05-23,3027.766799914149,3070.189000473252,3014.380561744942,3056.89892578125,813294
2022-05-24,3057.4287051226465,3065.999716036441,2956.5496888657453,2972.777099609375,691307
2022-05-25,2926.6950756293545,2926.6950756293545,2721.855358722039,2733.171142578125,3381427
2022-05-26,2744.679940797304,2754.310396729926,2618.087644586697,2735.19384765625,3212196
2022-05-27,2762.0144635348297,2762.9775090242074,2678.2295059589824,2730.089599609375,1879534
2022-05-30,2773.571251977848,2777.4234342722616,2712.8993808408327,2738.901611328125,2525482
2022-05-31,2738.9015755486625,2771.6451246234355,2707.121072034912,2753.97314453125,2408221
2022-06-01,2753.9728391534923,2831.2572368557885,2727.392925687739,2747.087158203125,1770795
2022-06-02,2764.1330305532574,2811.1296959958017,2742.7534683782264,2801.06591796875,1164197
2022-06-03,2797.647282706041,2811.5632436806472,2750.4580514314816,2780.216064453125,1228489
2022-06-06,2764.999803317764,2765.8664501495846,2703.9425825323524,2713.332275390625,1193698
2022-06-07,2696.5277095211286,2700.379891963302,2630.077562393644,2643.271240234375,1403598
2022-06-08,2669.465802524572,2672.4513377060007,2600.222923173406,2605.230712890625,1743575
2022-06-09,2595.835136204169,2612.882506314885,2551.037608200646,2602.421630859375,1857501
2022-06-10,2581.3063310271978,2650.0765935048453,2568.714592827065,2623.682373046875,1592920
2022-06-13,2586.1009708609467,2598.741186805588,2559.5130772022985,2577.18994140625,1674206
2022-06-14,2534.8136847708456,2582.61395335466,2503.818637803835,2552.6357421875,2296040
2022-06-15,2566.7774060166585,2599.3223009238345,2544.596669437064,2577.5771484375,928842
2022-06-16,2610.3154826106925,2639.857635029889,2557.09122579276,2573.9931640625,1280628
2022-06-17,2566.8746346636235,2573.557847997147,2479.6040989359035,2499.169677734375,2043251
2022-06-20,2518.3479110868216,2589.3944746293723,2507.063869843841,2577.1416015625,1595360
2022-06-21,2590.943938798221,2624.8932512053666,2557.091580510025,2594.2373046875,1042074
2022-06-22,2603.5842521588406,2622.907681735638,2543.870444536327,2582.6142578125,1871760
2022-06-23,2590.944028683655,2681.0233943039416,2590.944028683655,2671.57958984375,1612872
2022-06-24,2687.8518679424574,2697.344148860873,2640.390699823834,2674.194580078125,2215583
2022-06-27,2692.598242619881,2738.848672707921,2678.1662658310174,2732.359130859375,1295734
2022-06-28,2692.6948468732808,2697.344151457537,2619.372232330451,2640.875,1838358
2022-06-29,2621.5031477289667,2633.610588832463,2593.898182012996,2613.076416015625,1066354
2022-06-30,2629.590899807786,2641.310760407516,2595.835260874571,2610.557861328125,1291447
2022-07-01,2619.9534269817746,2692.69503122771,2600.67847440518,2686.06005859375,1477191
2022-07-04,2687.997269539745,2710.1297677002385,2658.600542785622,2702.671630859375,653147
2022-07-05,2697.5378790352343,2723.9805777114925,2673.322996817683,2679.7158203125,1073043
2022-07-06,2741.657550263476,2778.899993293684,2717.055087072438,2771.53857421875,2085735
2022-07-07,2810.282143837583,2839.9212528668413,2786.4548427405725,2800.59619140625,1469087
2022-07-08,2789.554511612363,2797.3032741446195,2751.2949966093465,2789.36083984375,1274148
2022-07-11,2783.742877112794,2848.202941273128,2761.80428827608,2840.9384765625,1081885
2022-07-12,2828.2982447983204,2831.4461794885924,2794.784753198655,2802.33984375,1115524
2022-07-13,2856.387610352818,2875.711039771091,2834.1583949626697,2848.83251953125,2153712
2022-07-14,2859.390422769423,2862.05405997768,2820.936998256899,2846.846923828125,882479
2022-07-15,2857.307729463469,2891.257042872969,2848.106073883137,2884.6220703125,1668006
2022-07-18,2900.700793290152,2930.000801303184,2894.550118506296,2923.075439453125,823390
2022-07-19,2889.7555688613666,2928.0635598517706,2884.621966532862,2924.2861328125,638171
2022-07-20,2937.749454846388,2949.0819722143087,2905.7858109262,2912.033203125,867436
2022-07-21,2887.382506342592,2988.067937590105,2887.382506342592,2969.81005859375,1184060
2022-07-22,2969.8098630640816,2995.6228307785614,2952.278195202669,2971.06884765625,1268141
2022-07-25,2973.103043826111,3019.304988774623,2955.8135244664786,3007.439697265625,985844
2022-07-26,2998.7709770086058,3050.881450195759,2957.1213801057083,3010.87841796875,2876310
2022-07-27,3021.000562553027,3092.7250989095,2998.7713455132507,3085.993408203125,1976407
2022-07-28,3097.567709185862,3176.9925222419097,3082.070184687121,3169.631103515625,1332572
2022-07-29,3182.22252741686,3249.007354626693,3172.149232078412,3229.05419921875,1836550
2022-08-01,3235.157027129329,3249.637480679988,3210.409368022003,3220.143798828125,1076122
2022-08-02,3226.390743625558,3297.824642557526,3221.160423920257,3289.49462890625,1650536
2022-08-03,3297.0983349476173,3339.7165272912407,3265.3768395100337,3331.628662109375,1169005
2022-08-04,3346.497188061583,3367.757810311878,3303.782035297508,3351.824462890625,981434
2022-08-05,3365.868772108752,3382.286415659308,3343.155258912524,3364.80322265625,792478
2022-08-08,3356.182970039626,3367.757637461228,3328.6264789511683,3349.838623046875,724644
2022-08-10,3332.936423250469,3341.5085862344386,3289.349634803428,3304.508056640625,1089295
2022-08-11,3341.6538598947395,3368.726051841802,3283.5381405922226,3298.2607421875,1410533
2022-08-12,3292.255152069652,3326.930908232859,3276.757628552996,3320.19921875,548472
2022-08-16,3361.0257909012603,3399.236829327332,3346.7874868627414,3391.05224609375,911189
2022-08-17,3407.469639767838,3434.299681113302,3394.539034960715,3413.0390625,817912
2022-08-18,3414.298430389936,3431.4425198946483,3405.1452521052847,3424.323486328125,599877
2022-08-19,3409.455734418076,3427.3747489313523,3355.214393188697,3373.181884765625,581829
2022-08-22,3353.3737750019245,3376.087286762626,3228.52170295836,3244.552001953125,2336567
2022-08-23,3228.328310943473,3277.6781968748714,3212.6855905848465,3251.187255859375,831446
2022-08-24,3234.720916221535,3278.695047677815,3198.301638827813,3272.73828125,1182154
2022-08-25,3269.009297310641,3298.212352443894,3245.956680748986,3256.90185546875,615392
2022-08-26,3273.2227154111,3278.210886759609,3201.837050577373,3219.175048828125,1384783
2022-08-29,3145.029046837611,3243.196278444859,3135.0524676111563,3238.25634765625,1031166
2022-08-30,3226.3911610529058,3302.6680460522803,3226.3911610529058,3285.088134765625,1426459
2022-09-01,3210.893493897352,3365.287493705322,3210.893493897352,3338.312255859375,1417762
2022-09-02,3379.428876383892,3379.428876383892,3317.4387794826102,3323.298828125,740821
2022-09-05,3317.487021845765,3341.653424680287,3298.5994155323547,3317.244873046875,518438
2022-09-06,3312.5955335694166,3326.6886408095525,3277.7261069002648,3288.622802734375,540937
2022-09-07,3285.475123267552,3327.1247194646344,3279.6150746474577,3293.56298828125,682921
2022-09-08,3341.6538775559884,3375.2156110411847,3319.763528580292,3341.799072265625,1143090
2022-09-09,3374.295336288782,3374.295336288782,3325.623423372897,3333.759765625,702805
2022-09-12,3333.7594389542046,3345.188672982019,3315.501325089941,3324.412353515625,641280
2022-09-13,3324.219087927652,3350.3711611718377,3307.4138647906134,3314.726806640625,776044
2022-09-14,3273.8522792126246,3340.201060610869,3273.8522792126246,3330.950927734375,816678
2022-09-15,3331.967754511612,3350.128915964255,3282.666349477552,3288.768310546875,590182
2022-09-16,3305.2344429593936,3312.595861685857,3205.614560172594,3218.206298828125,1598265
2022-09-19,3216.3659728894986,3237.142531799326,3129.822122443994,3212.104248046875,1013563
2022-09-20,3230.846505023509,3302.9098991426945,3229.296657988781,3286.637451171875,708184
2022-09-21,3298.066989413432,3317.341941252631,3242.857057432061,3250.654296875,605378
2022-09-22,3250.6545960978106,3331.968131548312,3211.52320057577,3328.09375,829396
2022-09-23,3327.12446134823,3329.981769850043,3276.466885864748,3288.622802734375,513370
2022-09-26,3264.165905128959,3359.088237088198,3248.6683815437773,3330.078857421875,1429914
2022-09-27,3346.3516564661804,3390.0836408436767,3323.29904041375,3361.6552734375,1455383
2022-09-28,3342.622081597596,3470.3796956615724,3312.5956299808104,3458.514404296875,1843428
2022-09-29,3451.540666006625,3451.540666006625,3266.490497824532,3278.501220703125,2624894
2022-09-30,3295.161096585815,3304.750095134646,3182.077599223559,3237.481201171875,2159720
2022-10-03,3242.85683523549,3247.215513777473,3182.561782071389,3199.173095703125,934543
2022-10-04,3225.422097946783,3262.567819399902,3208.0358609597465,3232.9287109375,994382
2022-10-06,3232.928714577717,3261.017976122996,3207.696761653563,3224.405029296875,922770
2022-10-07,3213.799286131254,3254.092946212824,3184.014979908067,3238.692138671875,774544
2022-10-10,3176.99274784022,3195.3960594892947,3157.814512616489,3175.007080078125,734377
2022-10-11,3187.1630340876923,3254.4804116500973,3171.1812106376246,3195.10546875,1411316
2022-10-12,3230.265280266782,3234.623959055748,3105.3164883164327,3146.191162109375,1812549
2022-10-13,3128.659622403609,3155.8770071383983,3093.5962850539327,3108.22216796875,779890
2022-10-14,3133.405918450057,3144.0604671681253,3080.133174859716,3085.46044921875,845765
2022-10-17,3085.460322224996,3116.939669414546,3070.544049223025,3097.180419921875,1067773
2022-10-18,3116.939645269741,3147.934694570124,3111.12807352592,3124.543212890625,1015424
2022-10-19,3140.185904185472,3143.7696594341137,3095.969624152379,3111.8544921875,943543
2022-10-20,3097.5678744226834,3140.0408743571106,3004.3890506981584,3042.260986328125,2284352
2022-10-21,3041.389413151415,3065.3621481754585,2976.1544214359906,2995.2841796875,1738731
2022-10-24,3051.075250358236,3059.792608216402,3018.143009560718,3023.615478515625,178709
2022-10-25,3035.5774068021287,3036.5460020180835,2983.176311029601,2988.019287109375,1016316
2022-10-27,3024.923141807405,3024.923141807405,2937.7495642337044,2947.871337890625,2005709
2022-10-28,2962.6423914378747,2975.137412669272,2944.529706655443,2957.5087890625,715736
2022-10-31,2989.518734456431,3019.5885205590102,2969.1974263726324,3014.447509765625,814364
2022-11-01,3017.1633818492714,3069.4459125153426,3017.1633818492714,3064.595947265625,939335
2022-11-02,3063.2380559424187,3065.1294950294728,3028.415400127348,3037.921142578125,787012
2022-11-03,3011.828269188098,3054.2654629971094,3011.828269188098,3047.0390625,563798
2022-11-04,3053.5380885762283,3089.4278310404343,3032.101147675779,3085.887451171875,609757
2022-11-07,3090.3980025079964,3102.037919654919,3004.5050665317176,3010.422119140625,1669943
2022-11-09,3051.597882474586,3051.597882474586,2987.5783464786164,2993.88330078125,1391333
2022-11-10,2993.3984797802987,2993.3984797802987,2942.4738458890265,2953.774169921875,1375007
2022-11-11,2997.9576003659504,3005.0385972964427,2956.538942724196,2963.716796875,810288
2022-11-14,2964.29879160304,2985.590091908843,2949.7974427177933,2961.582763671875,811702
2022-11-15,2976.423685858182,3002.1285017862388,2950.718869930125,2986.899658203125,873840
2022-11-16,2986.899879294295,3000.188737753276,2959.449026474376,2990.537353515625,770953
2022-11-17,2999.218672767161,3003.6321887462414,2968.178893488847,2979.430908203125,706271
2022-11-18,3002.128528859307,3021.3829858785225,2964.056301150833,3002.613525390625,1258576
2022-11-21,3011.828318497937,3017.017875865996,2974.192542066488,3002.41943359375,612194
2022-11-22,3010.858783155056,3025.893677207538,2980.110047197767,3010.71337890625,764079
2022-11-23,3017.6485208856047,3021.334542012408,2997.278665874805,3007.754638671875,488341
2022-11-24,3024.389967091296,3026.6209986051235,2999.218693273629,3021.819580078125,571872
2022-11-25,3021.819626127569,3026.184595184944,2982.9713541539845,3014.884033203125,898769
2022-11-28,3014.8838411585343,3064.208083090868,3003.777467960733,3056.64208984375,914689
2022-11-29,3062.2681070603794,3073.908023843631,3033.3137193361567,3040.976806640625,877720
2022-11-30,3045.6810365245337,3103.929165651731,3039.279224580983,3079.873291015625,2547283
2022-12-01,3095.247834114461,3101.0677924362058,3066.390540769145,3083.947509765625,761717
2022-12-02,3077.933257053236,3079.04889111519,3039.9581250416,3049.12451171875,932259
2022-12-05,3036.078180684021,3073.616863542317,3019.103302677001,3062.1708984375,926122
2022-12-06,3031.22820758988,3073.9079007527457,3031.22820758988,3066.826904296875,958365
2022-12-07,3084.577939766388,3137.6365129396786,3081.085870014352,3129.6826171875,1832282
2022-12-08,3133.077912724756,3143.6507434628547,3106.548505022693,3124.784423828125,851312
2022-12-09,3137.927387578384,3145.056930928282,3109.797590286336,3130.118896484375,847879
2022-12-12,3130.167631349865,3133.0776105547147,3047.62112651308,3071.337646484375,1323816
2022-12-13,3089.4277573411937,3089.4277573411937,3048.348458369348,3083.122802734375,886601
2022-12-14,3083.6081246263816,3099.128014526986,3031.228496211841,3051.5498046875,1103870
2022-12-15,3047.717981635722,3066.3417997238985,3023.177111568969,3036.66015625,799124
2022-12-16,3021.528344009243,3023.468330104916,2958.769841177193,2964.20166015625,1192821
2022-12-19,2970.1186793116817,2995.338498273832,2949.74882553456,2988.5,655594
2022-12-20,2982.7772537537617,2995.9690174898506,2927.439101441437,2989.6640625,739257
2022-12-21,2992.4285504998456,3019.0548122815458,2958.527340864418,2977.5390625,616324
2022-12-22,2981.758624126837,3000.6734885284222,2946.887421477625,2995.8720703125,663202
2022-12-23,2986.560002274756,2994.2230893260303,2944.898848860829,2966.1416015625,1230858
2022-12-26,2966.1420015145845,2979.7219058107903,2937.9153425306,2964.34765625,536884
2022-12-27,2968.178470666025,3035.1079852006515,2964.5895440611644,3019.2001953125,729041
2022-12-28,3016.630123598801,3049.4644861704974,3011.828704910441,3029.967529296875,972274
2022-12-29,3007.9485208611454,3031.228354624663,2999.752126753184,3021.673828125,596265
2022-12-30,3036.805999673625,3036.805999673625,2979.139955307561,2995.24169921875,836220
2023-01-02,2995.2411540915787,2995.2411540915787,2930.348720061377,2955.81103515625,1015990
2023-01-03,2955.5689623396606,2968.130325564934,2934.229114236125,2937.381591796875,860367
2023-01-04,2943.92925582855,2958.4791533038147,2911.4830318216573,2926.323974609375,836382
2023-01-05,2948.342191651924,2955.18068948195,2905.51685975858,2914.198486328125,1113920
2023-01-06,2919.678726862011,2932.773631450927,2863.419136776298,2889.02685546875,1045526
2023-01-09,2903.480070152616,2927.0992574176653,2862.449319230393,2894.6044921875,808263
2023-01-10,2894.604688289281,2895.429277114177,2863.6134574599964,2871.51904296875,864325
2023-01-11,2885.6319938173656,2885.6319938173656,2846.9293690122067,2852.167236328125,890426
2023-01-12,2850.8093128520727,2851.6339015949347,2809.0996155221515,2828.450927734375,1558620
2023-01-13,2837.229463913612,2837.229463913612,2785.5773377756973,2821.85498046875,1507864
2023-01-16,2837.229730459478,2841.691793308479,2809.099931422444,2828.54833984375,644073
2023-01-17,2837.2297924626137,2856.4842500535897,2823.7952934202785,2852.652587890625,716489
2023-01-18,2859.491004221043,2871.179467999321,2841.449275328524,2856.8720703125,893808
2023-01-19,2866.232391689925,2884.371451322064,2758.2723538114697,2780.1455078125,2379947
2023-01-20,2762.540263979783,2762.540263979783,2697.5507282752023,2704.146728515625,3171005
2023-01-23,2715.9806567356186,2715.9806567356186,2684.795473563632,2700.897216796875,1402260
2023-01-24,2711.130708261432,2742.267581425672,2700.897233717036,2726.2626953125,1061471
2023-01-25,2726.553615947672,2726.650709987331,2684.068105969558,2691.73095703125,857953
2023-01-27,2683.583295099214,2689.6457526291542,2605.2563438123834,2640.951904296875,1801498
2023-01-30,2642.260922980789,2692.7005588086163,2615.34361732267,2683.194580078125,1171912
2023-01-31,2677.1808321694366,2696.532146256415,2636.4896708695137,2644.0556640625,1961805
2023-02-01,2667.287207083192,2694.640966507688,2623.6375154011016,2661.418701171875,1176872
2023-02-02,2658.7512671960494,2658.7512671960494,2613.161588407938,2624.4619140625,1308570
2023-02-03,2624.461486348286,2680.9635790423044,2618.981120581098,2677.568603515625,1278409
2023-02-06,2677.568596769168,2682.030659318869,2636.440988075474,2671.5546875,1120284
2023-02-07,2679.120487231403,2691.2453989223486,2665.685990351962,2675.2890625,732250
2023-02-08,2684.9406814927183,2700.460569825046,2661.951894263398,2682.61279296875,811956
2023-02-09,2698.472403741706,2735.7202828935488,2683.1464645663777,2730.142822265625,946372
2023-02-10,2745.080109564696,2746.0015555247564,2709.190369616324,2720.4423828125,700072
2023-02-13,2730.0456373909624,2744.110537636892,2696.5808747368537,2707.00830078125,467228
2023-02-14,2720.5884541397177,2720.5884541397177,2682.031224065004,2693.671142578125,524746
2023-02-15,2693.6705572258143,2714.331455459805,2671.360718257073,2702.5458984375,817717
2023-02-16,2713.0705626845715,2749.299897852454,2706.3777053609297,2721.751953125,788964
2023-02-17,2718.8418380202093,2760.4546799013674,2701.9155074955893,2748.572265625,840526
2023-02-20,2759.629987696844,2766.419938457433,2727.7173138479475,2740.763671875,646218
2023-02-21,2751.870640572078,2753.519581608486,2720.8308589371445,2732.56787109375,631934
2023-02-22,2725.631659195735,2729.511631019516,2696.5804175281087,2712.0517578125,580270
2023-02-23,2720.830799026776,2721.3643426248263,2619.078611821152,2624.7529296875,1790570
2023-02-24,2630.7177227488046,2679.1202715974187,2628.680643022811,2656.325439453125,1429040
2023-02-27,2658.169098399923,2675.871473153443,2643.279845833061,2667.384033203125,561317
2023-02-28,2667.4810009523794,2753.810386074111,2645.6076093816264,2743.91650390625,1815923
2023-03-01,2743.140260938032,2767.681131710354,2731.5488917103744,2755.653076171875,816598
2023-03-02,2746.050152166837,2763.5100259707947,2726.650292384663,2748.863037109375,604523
2023-03-03,2751.9187391348187,2766.420087391268,2726.310781370286,2743.96484375,679295
2023-03-06,2757.6898669646475,2797.459576618376,2745.3224572552563,2778.59326171875,1050267
2023-03-08,2783.8802773088432,2783.8802773088432,2742.170572805609,2773.743896484375,580250
2023-03-09,2776.1199775054047,2786.256357034475,2751.72474818018,2767.923583984375,774224
2023-03-10,2758.6601208246816,2758.6601208246816,2722.770379449677,2745.274169921875,489978
2023-03-13,2738.775314376439,2763.9465860884293,2689.014624680397,2700.654541015625,813217
2023-03-14,2699.4422347533823,2703.3222071310624,2657.8296257286497,2663.213134765625,1060450
2023-03-15,2689.0147787621936,2780.3397696641264,2682.224827177577,2742.558349609375,2170346
2023-03-16,2764.480414407457,2812.9800708005705,2743.819513421045,2806.4326171875,1755487
2023-03-17,2836.211358515772,2836.211358515772,2769.3789267398274,2776.750732421875,1848073
2023-03-20,2827.529765208051,2827.529765208051,2746.098895319118,2769.4755859375,1074367
2023-03-21,2772.3856495766527,2800.370044889678,2749.930404316674,2753.907470703125,691891
2023-03-22,2740.2305174524195,2767.5357285907025,2730.38518217755,2754.635009765625,731807
2023-03-23,2732.567593446849,2738.290457878413,2684.6983403446607,2713.8466796875,1016581
2023-03-24,2713.8464428929105,2731.160675727322,2689.645165083045,2714.525390625,784111
2023-03-27,2714.5254565854184,2735.3803064394783,2702.885540387804,2719.617919921875,791560
2023-03-28,2707.2507189103967,2726.262678233434,2682.0308985264232,2700.897216796875,558581
2023-03-29,2700.8970782281776,2709.918060881032,2672.330830506396,2687.36572265625,1087648
2023-03-31,2673.34943093138,2691.7307521280145,2665.055942872692,2678.78125,1967803
2023-04-03,2664.522799271901,2698.18151627606,2627.3720119879063,2693.671142578125,1035295
2023-04-05,2677.181161123598,2727.1843566227494,2669.6637140226167,2724.225830078125,668643
2023-04-06,2723.2070307643125,2740.230456716771,2703.176768346412,2725.53515625,627554
2023-04-10,2725.680454417148,2725.680454417148,2672.427931012248,2693.040283203125,1215461
2023-04-11,2706.2809416852515,2706.2809416852515,2667.5297619441394,2671.167236328125,1246379
2023-04-12,2672.864678971017,2721.994737423599,2668.4511627638044,2703.12841796875,2235399
2023-04-13,2703.0796009841915,2728.881510991963,2698.5206809852966,2725.43798828125,602597
2023-04-17,2740.2303844680164,2760.212336156748,2721.800516395488,2757.787353515625,754555
2023-04-18,2762.5403336616937,2772.676714138204,2745.177551992728,2768.9423828125,717724
2023-04-19,2751.2398609697243,2767.0991051266333,2716.6109198988333,2725.389404296875,799624
2023-04-20,2735.3804630846616,2765.4502483171523,2728.735915815468,2758.514892578125,761101
2023-04-21,2761.667670427615,2800.3703034845503,2761.667670427615,2795.617431640625,894930
2023-04-24,2795.616986620169,2811.039780961677,2766.420101898793,2804.346923828125,782967
2023-04-25,2804.2986342958784,2814.677513233129,2778.205677489728,2811.0400390625,636120
2023-04-26,2810.0212312291987,2828.936095114508,2801.3883880792205,2822.6796875,569221
2023-04-27,2828.0148363029907,2832.3798051808376,2807.014580761013,2812.931396484375,599461
2023-04-28,2832.33101204928,2832.33101204928,2761.1821676116547,2815.25927734375,1080665
2023-05-02,2823.601283317321,2845.668625687673,2806.1899550517883,2812.54345703125,663800
2023-05-03,2830.4394597989626,2873.507052535416,2810.069607620834,2841.788330078125,1237193
2023-05-04,2859.539640100791,2896.544781897917,2834.4652239038696,2893.343994140625,1008540
2023-05-05,2881.84912531299,2934.2287459009744,2862.4978128475896,2922.540283203125,1326561
2023-05-08,2924.529281068127,2944.6080914557983,2903.189432251046,2928.845703125,941879
2023-05-09,2925.5477367957697,2982.5348314242337,2920.4067260025126,2943.735107421875,1025850
2023-05-10,2951.640255315574,2965.2687048056064,2928.3118754859743,2950.13671875,751851
2023-05-11,2960.467302364646,3061.4434356466963,2940.5338980480883,3045.53564453125,3229605
2023-05-12,3044.80835862121,3084.335577676264,2993.398724021999,3037.1455078125,1998170
2023-05-15,3040.152247948684,3072.938061242816,3027.3969337398025,3038.018310546875,810281
2023-05-16,3038.018494034928,3070.707215269995,3028.6581550228125,3043.935546875,822404
2023-05-17,3041.898274961661,3053.4896448135755,2983.262241099658,2999.655029296875,835371
2023-05-18,3012.458473718269,3031.2279317978346,3000.4306560107684,3015.756591796875,498067
2023-05-19,3030.258292070695,3034.089717260147,2975.987228216814,2991.89501953125,633262
2023-05-22,2977.8784979126685,3012.410343298381,2954.598666007162,2992.331298828125,659425
2023-05-23,2994.368587553507,3034.089756147907,2992.4286014261643,3026.96044921875,581204
2023-05-24,3021.528500574319,3039.1337805789035,3005.038617906658,3008.43359375,439465
2023-05-25,3008.4336260785376,3035.108436562871,2993.398732896459,3029.822021484375,500313
2023-05-26,3029.2882553715385,3042.8196108784127,3018.375833702333,3034.526123046875,568249
2023-05-29,3052.762082778473,3060.328075939301,3022.546893965369,3043.256103515625,535712
2023-05-30,3052.471125275384,3060.328163940388,3033.701901287432,3050.046142578125,506026
2023-05-31,3057.369446409312,3122.7471179260265,3042.3345546269325,3097.13916015625,2349066
2023-06-01,3138.266978315617,3152.380187153449,3110.7675817677496,3143.456298828125,1104861
2023-06-02,3142.1952535213304,3152.428727112587,3122.4074908957737,3140.10986328125,781973
2023-06-05,3142.729025938072,3142.729025938072,3099.127884441656,3103.7353515625,492565
2023-06-06,3111.495249526119,3141.7104387290747,3099.1278379661603,3116.34521484375,577698
2023-06-07,3120.4676981168814,3132.35011319364,3110.040272641359,3128.03369140625,470038
2023-06-08,3123.3777981263133,3149.567611961534,3097.187984291093,3115.8603515625,561161
2023-06-09,3134.217241110132,3162.631865452776,3093.9385760129107,3105.656005859375,1239045
2023-06-12,3110.1968025617903,3126.9431078414773,3076.94854354642,3119.52197265625,1029156
2023-06-13,3134.412457535313,3194.9525112322567,3129.676567655558,3186.01806640625,1598821
2023-06-14,3188.1175627983494,3212.431135837882,3176.400132245951,3193.195068359375,741615
2023-06-15,3198.858854137254,3226.19952810424,3196.271349993511,3216.77685546875,806994
2023-06-16,3214.237528833376,3243.7752170682693,3209.1600234928305,3238.74658203125,984671
2023-06-19,3240.699821082994,3266.185091019744,3225.467065099472,3231.76513671875,516915
2023-06-20,3236.9406395532533,3248.511699187097,3199.9331782767576,3240.553466796875,866290
2023-06-21,3240.553282230049,3254.516602460209,3222.293665802187,3238.0146484375,742456
2023-06-22,3246.704624010815,3248.5111565267307,3166.0984209303365,3171.566650390625,871640
2023-06-23,3188.117655912372,3226.3456788493872,3176.449095324824,3220.047607421875,1260659
2023-06-26,3217.41096577153,3237.281869369024,3194.3665915704687,3230.251220703125,592801
2023-06-27,3197.882313134795,3265.7457698562816,3196.2712616772446,3247.681396484375,914141
2023-06-28,3252.563420198518,3276.242394362377,3245.2400261272214,3269.4072265625,713110
2023-06-30,3274.045381014551,3368.370792149952,3265.0131949798406,3282.88232421875,1436363
2023-07-03,3285.763027236214,3300.360946053312,3258.61759704459,3279.611328125,474224
2023-07-04,3279.611340059514,3307.244996655893,3252.563650387003,3268.870361328125,473663
2023-07-05,3272.43436557054,3319.9386870148064,3262.083873130798,3294.94140625,632406
2023-07-06,3329.703275839557,3329.703275839557,3288.497024913674,3319.352783203125,693995
2023-07-07,3305.2918936067604,3333.60901765834,3258.56854356496,3264.96435546875,620761
2023-07-10,3266.234022943078,3292.647114065557,3216.3860688757154,3264.427490234375,548838
2023-07-11,3271.0670895640824,3319.889715830779,3266.2336972420253,3312.6640625,772158
2023-07-12,3327.7505950961327,3333.999796631629,3283.0778868433017,3326.530029296875,1025127
2023-07-13,3344.34982613004,3344.34982613004,3304.65712719996,3318.522705078125,750126
2023-07-14,3318.522766103323,3358.020222937281,3307.2446917966186,3348.988037109375,832843
2023-07-17,3348.987842919731,3391.219412044676,3344.349693709477,3378.916015625,817694
2023-07-18,3378.5259421957658,3440.0424550160933,3374.2296461808846,3430.71728515625,962485
2023-07-19,3437.1130326008474,3446.8775582616454,3400.496061372856,3431.888916015625,620289
2023-07-20,3427.397309245877,3451.75975260786,3412.652780433913,3442.9716796875,589848
2023-07-21,3452.687201649291,3454.6401066673643,3422.466044172957,3434.866943359375,857975
2023-07-24,3423.442669046734,3483.9827276550905,3416.11927486024,3460.2548828125,680246
2023-07-25,3464.3561050715302,3464.3561050715302,3271.116229723096,3320.329345703125,2555630
2023-07-26,3319.79206322422,3332.6323179939964,3285.7625989012004,3293.57421875,959076
2023-07-27,3310.174099645375,3333.6089605278203,3272.092450711402,3290.05908203125,874078
2023-07-28,3295.527408416303,3318.9622699872634,3285.274656479008,3310.857666015625,553750
2023-07-31,3244.947214594029,3308.2213904004634,3244.898344285952,3297.822265625,933890
2023-08-01,3292.5981734969737,3305.29205732125,3259.398785033481,3264.232177734375,698667
2023-08-02,3262.5231857196327,3292.549101386755,3252.2215637229724,3283.712158203125,857218
2023-08-03,3290.644884378323,3300.360538955042,3239.820484702385,3257.787353515625,711067
2023-08-04,3259.5450867540185,3293.867537999058,3244.7519255138054,3261.009765625,519248
2023-08-07,3237.965898429923,3271.116418635956,3237.9170281184565,3264.28125,360358
2023-08-08,3264.2810249202744,3280.83184872634,3254.1746452058355,3269.212158203125,500258
2023-08-09,3254.07726996271,3277.902618852527,3225.223046977611,3252.563720703125,643222
2023-08-10,3232.058089168824,3241.8226151179742,3153.94188157562,3161.65576171875,1253219
2023-08-11,3161.655653105388,3172.445501586881,3105.119145158721,3110.34326171875,919023
2023-08-14,3110.343205340418,3134.314924574164,3078.0225307882006,3127.18701171875,815534
2023-08-16,3119.6682205557104,3133.289924620688,3102.0920742956014,3118.83837890625,597686
2023-08-17,3147.984932742976,3148.0826733438703,3087.542621933412,3108.292236328125,873392
2023-08-18,3100.139234493098,3110.489727310002,3080.707923297145,3089.056640625,592652
2023-08-21,3085.4923101307813,3112.442495804085,3077.924802886081,3107.364990234375,353330
2023-08-22,3123.281268380358,3123.281268380358,3096.331082241616,3104.826171875,377068
2023-08-23,3110.9780428301606,3120.742569016068,3090.7166509944022,3094.18310546875,370811
2023-08-24,3110.001438080275,3156.773420866136,3096.2333614749346,3149.6455078125,1167742
2023-08-25,3148.961647965995,3188.1174895186123,3140.466558689115,3182.5517578125,1363431
2023-08-28,3188.06851425194,3194.9525519949434,3154.966870148779,3182.942138671875,707315
2023-08-29,3184.2117479516432,3211.552419200538,3178.4019029896,3208.330078125,533163
2023-08-30,3223.5628462396903,3225.076395368306,3199.249034745504,3217.1181640625,599080
2023-08-31,3222.342535460073,3224.2465704020387,3144.177455086179,3179.427490234375,1601967
2023-09-01,3164.7806396587234,3187.3365518436226,3141.3457770925424,3182.796142578125,650131
2023-09-04,3182.7959450965027,3189.3381294786245,3140.369129636435,3159.361083984375,696213
2023-09-05,3168.588631574132,3172.34806937507,3144.177317001141,3147.399658203125,597022
2023-09-06,3133.436557312187,3153.942062984844,3119.7662201970825,3149.352783203125,754106
2023-09-07,3149.3526075844943,3177.1326362802274,3125.8688749572275,3169.906982421875,923108
2023-09-08,3174.007903041664,3186.213559989578,3155.894660452612,3161.80224609375,395918
2023-09-11,3165.659234686456,3188.1176438159405,3165.659234686456,3182.6494140625,359345
2023-09-12,3183.2349094734072,3202.568715190881,3166.635218227687,3180.1591796875,554905
2023-09-13,3168.588561429811,3207.304810128798,3149.35249365048,3200.5673828125,880907
2023-09-14,3204.71733424432,3216.6300079181287,3147.3507457656924,3163.950439453125,1102554
2023-09-15,3158.824003828471,3163.7062665855474,3110.0013762577064,3121.376953125,1568607
2023-09-18,3124.648106050367,3153.843941434582,3114.88358071896,3130.7998046875,673602
2023-09-20,3130.7999095571995,3151.988882557756,3119.765947884768,3138.660400390625,901084
2023-09-21,3134.412742903633,3184.407066700882,3105.656262457834,3167.807373046875,845739
2023-09-22,3158.775238709849,3206.279799953148,3145.30014537325,3197.73583984375,896521
2023-09-25,3195.245881599398,3256.274168926375,3194.1228180775333,3244.99609375,1422084
2023-09-26,3244.7515118101023,3246.6066761201155,3183.576860788544,3215.2626953125,834560
2023-09-27,3210.575932739104,3231.0814359591527,3194.659708751862,3224.051025390625,516326
2023-09-28,3204.522125595426,3211.5525364949926,3080.707890739344,3095.696533203125,2104381
2023-09-29,3119.765749195936,3119.765749195936,3060.202146472633,3086.615234375,1550585
2023-10-03,3091.5464691918432,3151.79354297701,3087.5429184380614,3092.27880859375,1219145
2023-10-04,3090.423199744813,3113.9069293456287,3077.1435891771152,3095.256591796875,892584
2023-10-05,3134.4129180372806,3155.9926163499395,3099.553607094469,3130.751220703125,1002610
2023-10-06,3139.050889788776,3141.247908064544,3114.8836887553293,3120.498291015625,814257
2023-10-09,3066.110286918042,3088.5198282559627,3058.9332643600446,3078.56005859375,700012
2023-10-10,3075.8256043439133,3090.3746523220498,3066.1099489228263,3077.290283203125,847367
2023-10-11,3094.37819682709,3110.0014379596973,3077.8273734305817,3089.398193359375,1025317
2023-10-12,3110.977904698372,3113.419036136459,3075.8744822970257,3084.71142578125,992531
2023-10-13,3075.825748198195,3097.307705804659,3054.5879037463505,3074.654052734375,854688
2023-10-16,3050.437602637241,3054.343412627814,3023.194673309686,3038.76904296875,853011
2023-10-17,3063.131651352875,3063.131651352875,3018.996043742364,3040.23388671875,792640
2023-10-18,3036.7676015699367,3041.8451074376203,3017.2385494698083,3023.53662109375,481985
2023-10-19,3014.992665080662,3037.6463178706244,3003.665957881555,3028.7607421875,568124
2023-10-20,3019.6795947698874,3041.747518369689,2992.3877929174946,3032.71533203125,711434
2023-10-23,3023.146085960266,3035.69335869432,2991.8507328033447,2999.662353515625,374476
2023-10-25,3020.5580382278263,3034.8143399433216,2980.133000484884,2988.725830078125,669290
2023-10-26,2979.254468449384,2983.0625380348624,2870.770494868247,2890.592529296875,1834111
2023-10-27,2863.740148769746,2904.6045458433605,2861.982486463068,2885.563720703125,1708185
2023-10-30,2903.969849032875,2921.4971244177905,2869.8917508013883,2897.232421875,878885
2023-10-31,2899.087699434419,2941.8074996534338,2896.1583417051147,2925.158935546875,1152306
2023-11-01,2927.355973003824,2938.048081107416,2861.006067679169,2865.448974609375,1029990
2023-11-02,2891.324716836148,2892.2522990308885,2864.911629087315,2885.8076171875,900125
2023-11-03,2892.410747434222,2917.744922576785,2877.73838990581,2912.805419921875,715997
2023-11-06,2932.5149826970683,2967.777593876334,2918.674155269868,2963.13134765625,620959
2023-11-07,2963.131433451036,2972.570554206194,2936.6232797784105,2967.093017578125,757998
2023-11-08,2991.2045158975952,3031.260002774998,2979.6622139543315,3027.640869140625,783400
2023-11-09,3032.286991819205,3043.4378871691924,3006.903862987972,3012.91943359375,849702
2023-11-10,3002.942155467057,3017.6145112755285,2973.695355078655,3009.251220703125,364232
2023-11-13,3030.3309578626395,3030.3309578626395,2998.05177077114,3018.201904296875,405941
2023-11-15,3018.299507337133,3050.725560545561,3011.452407202418,3048.13330078125,700017
2023-11-16,3050.872069706152,3072.2936151982453,3029.939602776051,3061.92529296875,675454
2023-11-17,3081.1950541047813,3157.7358518773844,3076.9399749354766,3099.68212890625,1430175
2023-11-20,3099.6820545779783,3102.616525987712,3063.5881517614184,3071.755859375,406431
2023-11-21,3087.944111341035,3087.944111341035,3058.6973090260462,3064.810791015625,409069
2023-11-22,3071.413261737452,3088.041932262782,3053.02386068904,3064.566162109375,489889
2023-11-23,3079.2387243412727,3102.127506248096,3047.106166272176,3054.73583984375,792460
2023-11-24,3049.893761399756,3071.217633407168,3043.0466618712767,3067.647216796875,756329
2023-11-28,3072.538132399114,3090.9764895768662,3067.647346814341,3079.5810546875,647883
2023-11-29,3079.5810546875,3100.7580607464133,3073.3696614716814,3079.5810546875,620725
2023-11-30,3079.581203777178,3085.058740612571,3040.4549172047955,3051.75244140625,1793116
2023-12-01,3078.2112898065866,3120.9079884496264,3071.657685313849,3104.08349609375,960196
2023-12-04,3120.3213098602305,3134.4556329223124,3097.3346168252097,3124.77197265625,1018189
2023-12-05,3127.168202126114,3176.711762980092,3110.53953167377,3155.779296875,1005550
2023-12-06,3193.6831358658264,3217.158907768056,3162.3331510431435,3181.505126953125,1229158
2023-12-07,3212.2678504461137,3227.869408109207,3175.929410450364,3180.771240234375,1071725
2023-12-08,3183.9014223306485,3198.378195453361,3157.2955964555467,3161.40380859375,895852
2023-12-11,3159.447364700936,3174.119720883757,3115.919374691898,3162.3818359375,910426
2023-12-12,3157.491022196488,3185.906532843692,3139.884194935169,3154.31201171875,1019030
2023-12-13,3169.2291383630422,3183.852539866441,3120.614776193559,3172.79931640625,1052079
2023-12-14,3183.901309223693,3187.4227702501344,3147.709497106557,3170.549560546875,923107
2023-12-15,3179.0107460482136,3253.69314017469,3171.185488827172,3241.514892578125,1631687
2023-12-18,3240.6343706149955,3262.9363995567774,3224.0057004367723,3259.268310546875,911936
2023-12-19,3263.0829969739616,3280.6408684416924,3228.064926459788,3263.180908203125,780448
2023-12-20,3263.180823024241,3286.558680627928,3210.9470940921137,3225.13037109375,979762
2023-12-21,3208.3552973294245,3247.481581443198,3200.3834124643977,3230.803955078125,1585879
2023-12-22,3237.6021296469366,3277.608898814463,3215.202427304176,3268.31640625,930563
2023-12-26,3276.777406849777,3317.811050403277,3272.131160514936,3309.447998046875,600190
2023-12-27,3307.19813328943,3335.46677814922,3280.738935792259,3330.0869140625,837182
2023-12-28,3330.624662238299,3345.2480619658486,3299.3725931251256,3323.0439453125,779250
2023-12-29,3335.515632276448,3348.182718660907,3309.9856370458424,3328.08154296875,615676
2024-01-01,3328.668622082458,3337.276452351918,3315.12105068042,3321.91943359375,283951
2024-01-02,3321.8215283741883,3324.6580884553578,3271.9355160222794,3317.273193359375,552394
2024-01-03,3317.2731771999725,3324.755983493153,3291.49864208722,3299.910888671875,379131
2024-01-04,3298.346012629769,3326.9571101592537,3290.3251715112897,3306.122314453125,777127
2024-01-05,3306.122064832028,3306.5621877684384,3274.869993036403,3282.255126953125,416956
2024-01-08,3281.716810337872,3302.747186320664,3222.880760960327,3226.35302734375,545884
2024-01-09,3237.7000959377388,3242.590881581149,3190.9930930431688,3196.12841796875,670704
2024-01-10,3220.093321977714,3221.0714791229075,3187.031562708587,3215.055908203125,691087
2024-01-11,3215.0558518649887,3236.917520392243,3199.258470962193,3216.376220703125,537469
2024-01-12,3222.978667772591,3222.978667772591,3173.1416116156056,3206.203369140625,673004
2024-01-15,3210.507179409645,3215.3979648998206,3187.422815180744,3202.388427734375,728116
2024-01-16,3203.415728666945,3247.481756284128,3202.3886158920827,3224.88623046875,748215
2024-01-17,3222.147344455249,3232.173454561668,3123.304523400637,3171.478759765625,2239241
2024-01-18,3186.786871325584,3186.786871325584,2982.009826037471,3094.742431640625,1979174
2024-01-19,3108.3874149141743,3131.6186440569377,3079.825277792854,3096.698486328125,936201
2024-01-23,3020.108873249099,3041.090294388985,2955.550507398448,2987.976318359375,2365225
2024-01-24,2988.2697771653607,2988.2697771653607,2911.093281716874,2933.93310546875,2665932
2024-01-25,2944.30171451061,2950.1217012724337,2878.0315735088834,2884.78076171875,2001961
2024-01-29,2875.830537430849,2923.173240737653,2875.830537430849,2911.044189453125,1862723
2024-01-30,2924.6894717468454,2939.361826956278,2886.5903038145925,2889.57373046875,1273188
2024-01-31,2901.213827841927,2906.9848589486714,2883.65595644984,2893.241943359375,1771244
2024-02-01,2896.3230776244395,2907.914334400495,2856.1696822314952,2865.364501953125,3006472
2024-02-02,2885.56354677796,2897.643882912205,2860.1804168992376,2872.162841796875,1881911
2024-02-05,2885.563442751333,2900.235799239899,2848.3934729802986,2853.626708984375,923435
2024-02-06,2866.978398974908,2882.628912241233,2839.2475502579864,2866.929443359375,1471312
2024-02-07,2892.410560414191,2937.3568316418027,2871.918216819435,2916.032958984375,1134012
2024-02-08,2934.2267557857144,2934.2267557857144,2856.023143533934,2865.609130859375,1633654
2024-02-09,2866.0004832109425,2894.3670408946,2846.975374181241,2887.177490234375,1144765
2024-02-12,2887.177092545222,2900.1866287628486,2856.2674737839816,2889.2802734375,614469
2024-02-13,2900.187006172004,2916.1310155447804,2881.3574809563274,2906.69189453125,717118
2024-02-14,2905.02869755232,2915.6907533070084,2871.9182227537485,2911.38671875,750339
2024-02-15,2914.908221563188,2958.43621346237,2902.632301928919,2950.659912109375,1068730
2024-02-16,2968.706637826596,2968.706637826596,2934.471141179501,2942.198486328125,1179473
2024-02-19,2942.198541162289,2952.7626852289955,2922.2442325535267,2932.61279296875,560700
2024-02-20,2932.612618677452,2951.1976018134155,2907.180536491397,2945.866455078125,729371
2024-02-21,2946.2580435377104,2960.636904671376,2918.3316114932018,2936.23193359375,927130
2024-02-22,2917.842701389321,2961.077198515912,2868.054599292392,2951.4912109375,2615821
2024-02-23,2933.493024746185,2939.3619671097986,2901.409425396856,2920.72802734375,1650523
2024-02-26,2856.2187238571983,2866.000294829312,2785.595829200114,2805.794677734375,3524491
2024-02-27,2792.6386926278506,2807.3110500322,2787.84581806559,2797.08935546875,1296180
2024-02-28,2787.8942044506925,2796.9421571109942,2724.6564470561675,2733.313232421875,2472196
2024-02-29,2724.1675724933907,2776.0098997257605,2716.0977762732578,2760.261474609375,2284424
2024-03-01,2771.021269564133,2783.786268017367,2753.561307879825,2769.896484375,978174
2024-03-04,2797.5294236117243,2798.458625134212,2766.228395095789,2769.896484375,971299
2024-03-05,2772.0969762190543,2772.928505203663,2743.7304228279627,2758.7939453125,736381
2024-03-06,2766.179163586418,2776.98784667938,2717.0757277610587,2765.54345703125,1723066
2024-03-07,2763.2937738294486,2830.786612907053,2763.2937738294486,2807.848876953125,1564364
2024-03-11,2832.3027197089245,2833.2808767678416,2790.7800003194693,2814.01123046875,866546
2024-03-12,2817.092660798882,2836.5578930361016,2802.860426157224,2813.32666015625,663186
2024-03-13,2815.723215521205,2824.184179189315,2773.07546904553,2797.676025390625,955841
2024-03-14,2797.5293838193666,2834.748310271269,2778.9443984023846,2829.074951171875,1381741
2024-03-15,2831.764916476416,2833.6722751352618,2787.74784523585,2804.91455078125,1356226
2024-03-18,2803.398282430177,2803.398282430177,2755.713123229734,2784.32421875,940424
2024-03-19,2777.9661233321626,2777.9661233321626,2739.817996990629,2753.610107421875,1199135
2024-03-20,2753.6100525788056,2775.080552420289,2736.443348305445,2763.19580078125,818910
2024-03-21,2782.85697459982,2783.248141920194,2744.708847355745,2759.52783203125,1167680
2024-03-22,2759.527757459599,2792.785098260837,2746.665087349332,2779.433349609375,1652689
2024-03-26,2758.403158141441,2782.025557749175,2748.621586658671,2753.169921875,1372390
2024-03-27,2756.3979080641907,2780.754164516325,2756.1533687753617,2768.673828125,1156231
2024-03-28,2773.124456841355,2805.3546869511288,2757.424986929997,2784.56884765625,1864623
2024-04-01,2798.458779070009,2823.401787540693,2790.0467704783664,2808.289306640625,558086
2024-04-02,2811.272317278151,2829.2213558606977,2793.6165347643023,2811.4189453125,562473
2024-04-03,2782.8568289517325,2821.542988342496,2782.8568289517325,2806.675048828125,816676
2024-04-04,2807.31063248592,2878.9606338202734,2788.970188458356,2854.5556640625,1831347
2024-04-05,2860.1316067390585,2863.799696179986,2817.092690632178,2820.46728515625,1155672
2024-04-08,2844.4810812964647,2845.41028285649,2811.0281534802125,2828.83056640625,570695
2024-04-09,2829.808482540119,2852.746218710642,2782.856941868869,2794.741455078125,1017670
2024-04-10,2820.320397345162,2835.775327194423,2795.572975101407,2833.4765625,740495
2024-04-12,2826.873743588796,2829.8082146029024,2782.8566783772058,2792.149169921875,1766311
2024-04-15,2768.379993252405,2791.171099934064,2750.920033458864,2782.269775390625,884519
2024-04-16,2765.885805623186,2779.384421254131,2758.402999392668,2768.1845703125,911249
2024-04-18,2792.638459614104,2796.7466715829582,2738.9377315180564,2746.37158203125,1732434
2024-04-19,2729.058263337025,2760.457201244808,2705.729121369217,2747.203125,1337807
2024-04-22,2784.422125179301,2784.422125179301,2752.5830634834483,2779.77587890625,676040
2024-04-23,2789.7040576310824,2815.087186691219,2781.878800807433,2812.103759765625,929062
2024-04-24,2819.978048024977,2820.1249148791007,2797.5293896701464,2805.110107421875,718441
2024-04-25,2802.420259581098,2807.2131341354066,2767.2555574885973,2798.94775390625,1594152
2024-04-26,2807.3110932717395,2815.331934348078,2775.08086210534,2782.025634765625,625507
2024-04-29,2782.025081536695,2811.1742073273376,2776.987668608505,2805.5498046875,566219
2024-04-30,2792.6384001237384,2848.393352420429,2792.6384001237384,2813.081787109375,1290649
2024-05-02,2812.2994843018064,2922.7333218568474,2812.2994843018064,2910.408447265625,2493406
2024-05-03,2917.891930888909,2931.537176290239,2845.7038805880475,2865.756103515625,1594445
2024-05-06,2885.5634714022863,2894.366885382836,2847.610927813452,2868.103271484375,768806
2024-05-07,2882.628922844522,2903.1212659664184,2840.56816828656,2849.37158203125,629534
2024-05-08,2836.655550839646,2841.546336272128,2759.381141006428,2781.194091796875,1652877
2024-05-09,2766.2281872011977,2791.611315344103,2644.741127165606,2650.903564453125,3547959
2024-05-10,2640.046163082854,2731.6017683742816,2611.7775168079056,2710.718017578125,2478584
2024-05-13,2710.7176828148404,2831.764615876937,2693.9423851903925,2816.358642578125,2748823
2024-05-14,2816.114336335953,2824.9177503779893,2779.922523052024,2803.544921875,999330
2024-05-15,2803.544768673245,2811.4679364012663,2744.85534493346,2752.240478515625,1230520
2024-05-16,2759.430107444829,2775.618655051413,2725.683687828349,2752.5830078125,1534319
2024-05-17,2753.1212112942494,2776.205576761091,2725.243732505265,2748.523681640625,1325150
2024-05-21,2753.5120738657647,2804.327284447823,2739.8178752746026,2789.50830078125,921822
2024-05-22,2789.508653000551,2831.7649947986606,2774.640711842981,2822.717041015625,933846
2024-05-23,2821.983041948047,2857.441234416198,2814.4512805508684,2840.323486328125,1181894
2024-05-24,2846.6326515492337,2846.6326515492337,2804.376313972954,2811.95703125,755822
2024-05-27,2824.8198990607502,2834.992876565396,2793.176658978753,2809.560791015625,817091
2024-05-28,2813.033130395293,2857.1968269769022,2801.441873489164,2847.61083984375,1084544
2024-05-29,2832.7427458204866,2857.881333614019,2818.168301663825,2836.802001953125,1758297
2024-05-30,2812.446289929379,2847.2687793040227,2812.201750646714,2820.711669921875,1344426
2024-05-31,2820.711505965759,2842.5244564731543,2793.2254354766064,2818.26611328125,2520363
2024-06-03,2885.563452587727,2885.563452587727,2797.578268972943,2803.83837890625,952701
2024-06-04,2817.092374890794,2833.7210451592464,2715.119499862195,2795.23046875,2683847
2024-06-05,2801.9311037093385,2961.175132509102,2801.9311037093385,2897.056884765625,2410576
2024-06-06,2895.345054963157,2897.056829911193,2819.293339414716,2841.350830078125,1689408
2024-06-07,2841.350544027415,2878.81400545154,2825.7489874047133,2863.750244140625,1600180
2024-06-10,2864.0440497814,2887.421909446008,2851.3280072106486,2873.385498046875,876867
2024-06-11,2878.9161803046404,2884.200050873693,2859.1637536816243,2866.521484375,855430
2024-06-12,2872.9904181233705,2881.879009997936,2830.1769374801534,2869.830078125,1701770
2024-06-13,2892.7425865986093,2892.7425865986093,2869.0396770464185,2873.977783203125,726380
2024-06-14,2873.978066452442,2895.063878267109,2869.1388183893164,2885.4345703125,982815
2024-06-18,2885.434525252859,2891.7552052102965,2869.039915005434,2882.372802734375,741098
2024-06-19,2881.879030120809,2883.8542727733934,2846.9665197889826,2855.904541015625,1018294
2024-06-20,2849.287462334264,2888.298503846293,2836.843337455186,2879.409912109375,1129752
2024-06-21,2888.792357132325,2891.7552210883578,2844.448256371089,2855.065185546875,1722379
2024-06-24,2847.3121775424684,2864.052310175292,2835.855674137223,2860.20068359375,892125
2024-06-25,2840.398719155301,2859.114093646486,2820.646294126404,2823.06591796875,1217792
2024-06-26,2824.7943658430872,2838.2755411246258,2808.8443784546707,2827.905517578125,960622
2024-06-27,2825.3376799433763,2867.064680547277,2809.782644215295,2845.18896484375,1628022
2024-06-28,2829.535178286136,2895.7058089825305,2826.76979027214,2880.94091796875,1206712
2024-07-01,2853.534439029976,2902.619172318433,2852.250483040365,2891.557861328125,1104110
2024-07-02,2891.5577284305323,2899.6561749734506,2875.9532634614056,2889.385009765625,1064295
2024-07-03,2893.433981034125,2912.445690445741,2879.903617884357,2889.33544921875,925189
2024-07-04,2903.60678958686,2931.704568969877,2886.8172265178205,2898.56982421875,968666
2024-07-05,2900.7916554676763,2910.420962646803,2877.039557320606,2899.55712890625,817429
2024-07-08,2899.557116052303,2899.557116052303,2854.916684012709,2862.2744140625,828260
2024-07-09,2872.9408507222565,2877.138241127908,2854.2254758431045,2869.039794921875,685431
2024-07-10,2864.151309616269,2977.18452353163,2858.52191621312,2959.35791015625,2299950
2024-07-11,2961.876393212421,2992.492654696111,2936.198238419649,2984.64111328125,1968980
2024-07-12,2987.554521878677,3014.220297776437,2934.1241115028065,2962.0244140625,1879930
2024-07-15,2961.876248573059,2961.876248573059,2896.248862079289,2919.90234375,2425341
2024-07-16,2922.3714260949805,2978.61641089464,2905.0880533485583,2937.630126953125,2085611
2024-07-18,2839.4111984972224,2921.2849066951944,2806.8196960449063,2895.26123046875,5384611
2024-07-19,2888.7923104633696,2943.111482113108,2881.13824536727,2909.581787109375,2164746
2024-07-22,2900.643824269007,2936.543955790348,2881.039444569403,2897.977294921875,1616347
2024-07-23,2897.977257468326,2910.8163344952764,2850.2750999829605,2861.23779296875,1906312
2024-07-24,2865.089428488163,2890.767582621459,2850.4725848347434,2876.743408203125,1476148
2024-07-25,2856.2502604141687,2872.694058793272,2849.5343872763465,2865.484375,1239922
2024-07-26,2866.274466627327,2927.753892080251,2864.7930346887024,2913.630859375,1359780
2024-07-29,2916.495033074284,2928.395917574862,2899.6560422347507,2918.12451171875,854408
2024-07-30,2936.6918193535703,2995.257808349979,2933.235144940341,2967.851318359375,2144591
2024-07-31,2967.8515177493164,3059.6508718957643,2967.8515177493164,3046.2685546875,3549501
2024-08-01,3049.774532809849,3090.217576269626,3024.8865246129462,3060.984130859375,1675122
2024-08-02,3031.997267907071,3090.316351528131,3022.121055308025,3068.242919921875,1348780
2024-08-05,3031.9479945038343,3106.0690220941988,3017.4794387497395,3055.107666015625,2019141
2024-08-06,3063.3048187601025,3096.192654993779,3047.8486424640614,3063.354248046875,885743
2024-08-07,3063.35444008949,3079.8970972577013,3022.170679124268,3063.05810546875,1907105
2024-08-08,3041.873668473365,3051.453547062717,2953.3827016703813,2968.197021484375,1280109
2024-08-09,3001.3808912393138,3014.9606830308703,2929.284542091413,3002.961181640625,1665414
2024-08-12,2982.6162948437086,3045.8240573834432,2966.5180195981743,3015.4052734375,1736881
2024-08-13,3017.0843430126656,3021.9238322624224,2975.7031052057896,2986.12255859375,502260
2024-08-14,2997.233205486288,2997.233205486288,2956.987637027592,2988.39404296875,454671
2024-08-16,3016.1954055762885,3016.1954055762885,2965.826720021478,3010.417724609375,514229
2024-08-19,3016.1460497087305,3049.626556769483,3000.7393019527194,3038.219482421875,542858
2024-08-20,3057.675308226364,3067.897284337878,3039.898126201792,3064.7861328125,668282
2024-08-21,3062.613538693796,3131.352075093809,3045.873406497993,3112.537841796875,1186536
2024-08-22,3127.7968219275144,3159.054941272351,3116.9824163463168,3147.154296875,1540888
2024-08-23,3150.5118738258857,3159.005513256004,3109.772496147103,3115.599365234375,779284
2024-08-26,3115.945312301528,3138.117363051259,3102.6124242774163,3132.093017578125,472874
2024-08-27,3114.9576598524686,3163.992962203956,3111.0071745514506,3127.006591796875,1003501
2024-08-28,3113.920458577248,3126.315153833199,3080.193288399017,3086.810302734375,538366
2024-08-29,3086.810233823691,3105.031797762546,3054.416208422132,3077.27978515625,849866
2024-08-30,3091.3040074118903,3127.5496598326604,3072.1934393713022,3088.09423828125,1567031
2024-09-02,3109.0318778648334,3144.586244956045,3100.7359553242773,3111.9453125,702358
2024-09-03,3125.7719494855296,3135.253210304557,3108.5380062212,3115.797119140625,577471
2024-09-04,3116.438975569544,3211.744429900857,3116.438975569544,3191.646240234375,2379110
2024-09-05,3199.8931322618314,3216.6826949928345,3177.1778415081208,3198.164794921875,1482119
2024-09-06,3197.917749285465,3245.2247128105173,3185.42443636644,3233.17578125,2131256
2024-09-09,3233.175649672831,3272.976834416435,3217.670044215071,3240.138427734375,1272289
2024-09-10,3249.2741827989057,3269.02660944206,3230.410518907297,3254.26171875,928920
2024-09-11,3273.9644502766787,3341.073266124267,3273.9644502766787,3325.76513671875,2561892
2024-09-12,3328.2838903917736,3350.9991810383644,3298.951585041396,3341.369873046875,1643536
2024-09-13,3314.012636251692,3327.987380924414,3279.791414208738,3316.481689453125,1029400
2024-09-16,3318.407466583993,3352.875352453206,3289.371497698773,3294.507080078125,1019280
2024-09-17,3294.5070369553314,3308.432352006389,3260.927914221092,3271.791748046875,586834
2024-09-18,3271.791911171832,3283.6927961343977,3211.300106171357,3234.114013671875,410510
2024-09-19,3253.224706910443,3278.9028618526627,3234.4599013757443,3253.07666015625,963456
2024-09-20,3263.100725589241,3283.643296540617,3225.620546047769,3266.01416015625,1504277
2024-09-23,3275.8904360387696,3283.7419771817767,3232.682003989302,3236.87939453125,522775
2024-09-24,3236.879658427997,3256.928420757185,3200.979765772277,3208.189208984375,1057933
2024-09-25,3211.744482974902,3211.744482974902,3167.0546189359675,3204.584228515625,740636
2024-09-26,3209.7694131856424,3245.175735313873,3187.152980537056,3236.484619140625,951080
2024-09-27,3250.212383332861,3296.6305860655552,3236.484543227397,3269.767333984375,1315996
2024-09-30,3269.767189579285,3316.432295584759,3264.2364139016154,3287.89013671875,1088162
2024-10-01,3275.9398497887296,3287.7418760917067,3203.892924228257,3236.78076171875,968660
2024-10-03,3152.7833878918823,3185.9673174659683,3087.7978609380666,3110.315673828125,1741363
2024-10-04,3096.1926370842657,3117.673399398965,3016.738555274968,3034.46630859375,1551818
2024-10-07,3036.9354330264205,3060.1939623713424,3000.3934457022,3024.34326171875,909812
2024-10-08,3020.1461483685257,3060.638624523892,3007.9489280060343,3049.82421875,817718
2024-10-09,3057.231265144363,3107.747999872523,3033.725829198705,3040.738037109375,1225598
2024-10-10,3051.799252953054,3056.687930175033,3005.331622462884,3021.232421875,1161933
2024-10-11,3021.33093941325,3026.071569730517,2988.5419614897337,2999.603271484375,976017
2024-10-14,2999.4060074429094,3017.183191550243,2979.851056701144,3001.529296875,716011
2024-10-15,3036.935412385191,3058.46560434547,3009.9238741398385,3029.13330078125,1242322
2024-10-16,3049.774378614166,3065.131937066956,3028.145569980059,3043.947509765625,764001
2024-10-17,3044.737422569113,3046.8115236192875,2999.405704126994,3018.0224609375,674481
2024-10-18,3019.1581746376382,3031.00962969019,2943.704007250445,2955.11083984375,899318
2024-10-21,2969.8266924398126,3019.158328384519,2963.40715395944,3011.454833984375,806970
2024-10-22,3016.1956453923813,3020.096701556141,2958.1728902624527,2969.62939453125,541838
2024-10-23,2962.814524759668,2989.0359189767014,2935.2599864344043,2952.69140625,624689
2024-10-24,2952.691543275804,2965.1356689077006,2914.470644718545,2935.210693359375,571259
2024-10-25,2938.6671617158445,2978.2214427833383,2915.458061295639,2921.3837890625,1047769
2024-10-28,2950.9136517716806,2984.295300681413,2926.3714065892823,2964.691162109375,504961
2024-10-29,2982.616311955724,2990.5172823185203,2904.6930882000343,2955.802490234375,613459
2024-10-30,2968.7895310828058,2968.7895310828058,2926.8650564873174,2959.55517578125,812725
2024-10-31,2957.135576673701,2959.407153832425,2882.866504934707,2899.310302734375,1031171
2024-11-01,2921.383725752652,2929.0377906189747,2893.730330106582,2903.45849609375,112249
2024-11-04,2925.482315227811,2925.482315227811,2849.781239602585,2879.21240234375,1146008
2024-11-05,2859.16371796241,2882.6691535738464,2837.139714329192,2851.55908203125,935417
2024-11-06,2854.7191859574946,2871.854510869286,2824.596738224679,2861.43505859375,1817087
2024-11-07,2864.1016379324706,2868.990314918351,2790.0300438480103,2807.6591796875,1112489
2024-11-08,2807.65927173436,2811.7578036273458,2728.2049463134726,2735.167724609375,2060410
2024-11-11,2533.297866529544,2566.5806535242323,2474.978785081953,2511.61962890625,8854840
2024-11-12,2503.619922627889,2503.619922627889,2439.424539996405,2444.214599609375,3445898
2024-11-13,2439.424646374089,2467.078043175091,2420.758699980807,2439.91845703125,1803766
2024-11-14,2452.0660983258376,2470.7814728705644,2435.671489057564,2452.41162109375,1206967
2024-11-18,2488.8055333431303,2488.8055333431303,2440.2146163920293,2452.954833984375,945471
2024-11-19,2461.4137674004382,2476.4512951650154,2445.931096545383,2457.15966796875,941508
2024-11-21,2428.469464735558,2439.599249239458,2399.086881951621,2402.203125,1377572
2024-11-22,2404.033220585434,2467.2998078578635,2397.058507997137,2445.7822265625,3805843
2024-11-25,2478.2317471950923,2481.1501753974144,2423.868987314469,2433.415771484375,1857124
2024-11-26,2433.613769034901,2491.0930174806635,2431.338539726482,2478.23193359375,1152258
2024-11-27,2490.59851293576,2490.746813453905,2453.499230220729,2465.27197265625,864653
2024-11-28,2473.2853716359464,2479.2212565278724,2427.084449200141,2431.78369140625,1506133
2024-11-29,2431.78350490956,2464.876012337785,2428.815562691212,2453.103271484375,1030854
2024-12-02,2453.103497268342,2459.435011304201,2435.048513778277,2452.559326171875,914624
2024-12-03,2467.3494311525187,2467.3494311525187,2437.1753502984084,2443.01220703125,1341985
2024-12-04,2452.4108135833017,2452.608869643871,2426.9854875736155,2433.168701171875,1005012
2024-12-05,2438.659363089844,2440.5389633492928,2397.998455189916,2425.99609375,3190834
2024-12-06,2441.627352994875,2441.627352994875,2401.065472333291,2403.736572265625,1735948
2024-12-09,2412.096065015252,2412.9370786090217,2361.492745649748,2366.291015625,2301281
2024-12-10,2374.2547693577776,2378.954011248423,2359.563600155552,2363.372314453125,1657888
2024-12-11,2374.1064835832526,2402.054606579909,2367.08225694307,2391.468994140625,1337700
2024-12-12,2387.2149930161613,2389.193621273945,2355.260098346599,2364.015625,1089028
2024-12-13,2364.015435620589,2386.2254877286287,2328.845272849582,2381.921875,1150861
2024-12-16,2394.090891462023,2394.090891462023,2360.6520226163266,2376.580078125,987775
2024-12-17,2362.482025198297,2374.254766148349,2325.382747164404,2330.823974609375,1258218
2024-12-18,2331.61553045196,2347.345528105256,2315.9843192900817,2320.38671875,855682
2024-12-19,2300.155532650192,2300.155532650192,2241.143036780076,2267.35986328125,2784409
2024-12-20,2272.4545369067528,2293.2301334566187,2251.678940356887,2257.961181640625,1719502
2024-12-23,2275.422508862041,2277.94530821083,2241.835342309323,2254.8447265625,855647
2024-12-24,2257.713661660142,2270.475716131581,2252.81636394897,2259.59326171875,601558
2024-12-26,2259.593402246085,2263.006487581479,2232.387264522019,2238.22412109375,1267334
2024-12-27,2245.990315095553,2266.3207679719803,2235.8993596736923,2247.1279296875,821790
2024-12-30,2255.883582531214,2274.2354082549373,2232.6842141024053,2263.798095703125,1076940
2024-12-31,2255.6362531181744,2273.0975511842084,2248.711054095443,2256.971923828125,685486
2025-01-01,2255.636208472045,2298.374530431477,2255.636208472045,2280.022705078125,1067328
2025-01-02,2289.2730094920253,2322.8601775522434,2269.486725918196,2318.21044921875,1342922
2025-01-03,2318.952308260062,2323.8493648708964,2297.3356980230024,2310.98828125,1355319
2025-01-06,2310.98819746056,2314.994967826612,2232.5850559219875,2242.92333984375,1190987
2025-01-07,2247.7215957846715,2291.251415421347,2247.7215957846715,2268.1015625,740798
2025-01-08,2262.6109112956046,2313.016417511147,2248.4141570305087,2309.405517578125,1439632
2025-01-09,2316.874825484485,2336.166452360481,2296.495097908915,2325.086181640625,1362304
2025-01-10,2310.642094501992,2323.799778726457,2291.2514416473664,2295.95068359375,1214334
2025-01-13,2267.2606480767986,2277.3020898421773,2222.395155853626,2228.578369140625,1181928
2025-01-14,2244.753784236992,2261.918481183113,2213.095731748854,2216.01416015625,1316807
2025-01-15,2224.967591281189,2229.666833637163,2196.2774800552424,2205.873779296875,1308999
2025-01-16,2215.074415394743,2215.915429047689,2184.2078617536595,2191.924560546875,1936087
2025-01-17,2201.867002679204,2244.803382904484,2188.85761785697,2236.83935546875,878848
2025-01-20,2247.969064218441,2262.4624198186484,2226.94613865363,2256.180419921875,555716
2025-01-21,2256.180386170566,2290.2622096229647,2230.903361857359,2236.1962890625,1410294
2025-01-22,2245.7432198931915,2245.7432198931915,2220.91133701646,2237.927734375,835523
2025-01-23,2237.927663808089,2277.203387756566,2222.1974237038376,2252.025390625,1142465
2025-01-24,2258.604088147028,2272.0093424956026,2230.9528073847387,2238.22412109375,543202
2025-01-27,2231.200115676804,2253.4101686928766,2222.1972608443184,2227.440673828125,1097939
2025-01-28,2235.849951423444,2242.8246644012743,2210.226811867185,2217.844482421875,897501
2025-01-29,2217.844407654485,2222.790978176717,2188.412313047202,2199.3935546875,1281088
2025-01-30,2199.393470802705,2235.107805223786,2191.330657771688,2225.808349609375,1155718
2025-01-31,2230.903234343268,2280.3689379872426,2210.9686523874484,2276.2138671875,1292909
2025-02-01,2287.294326350865,2363.471516285561,2260.8796867188257,2326.02587890625,1318619
2025-02-03,2326.0258781924244,2339.183804756189,2253.36080183662,2267.75537109375,1070382
2025-02-04,2280.022787441469,2392.755329456502,2239.559934817717,2329.19189453125,5373733
2025-02-05,2244.7537518970203,2271.020090248709,2213.343028396478,2250.887451171875,3474642
2025-02-06,2262.7593488861016,2274.3342765097696,2236.09737998612,2239.213623046875,1285954
2025-02-07,2241.7858511531263,2251.9758351465407,2219.229440355028,2246.732421875,1336756
2025-02-10,2246.7818850507265,2253.6575698922,2229.914030964451,2245.891357421875,1181565
2025-02-11,2254.6467763546243,2258.505004633446,2202.213130392889,2216.904541015625,1607942
2025-02-12,2217.893977757831,2223.9286490285167,2162.343844469209,2204.439208984375,1181706
2025-02-13,2204.439383086394,2225.907453084973,2196.277540873688,2212.502197265625,921923
2025-02-14,2212.5021445288053,2226.501085151753,2179.4591473952623,2207.456787109375,1380052
2025-02-17,2207.4567116199773,2235.8499794240065,2202.262812331492,2226.7978515625,923900
2025-02-18,2223.9782237395543,2227.8859663512467,2195.040784662872,2213.689453125,735853
2025-02-19,2213.6893686656667,2225.758952607725,2202.3122563003603,2215.17333984375,645234
2025-02-20,2215.1734621254304,2232.981117245447,2207.209434723733,2225.01708984375,637442
2025-02-21,2225.01690216263,2241.5879131682063,2213.095619073161,2233.4755859375,755585
2025-02-24,2221.9006671989964,2234.860779843562,2217.0531242272787,2222.197509765625,765042
2025-02-25,2222.197301817256,2232.980970517077,2194.001849729943,2200.9765625,947702
2025-02-27,2190.341473744115,2204.587500537873,2174.5124477369304,2189.9951171875,1027196
2025-02-28,2186.384272583582,2187.719943299454,2152.5497769431686,2156.45751953125,1701193
2025-03-03,2156.457440034872,2169.912208598249,2106.2497487483624,2143.25,959068
2025-03-04,2131.032046179497,2136.7701161602126,2102.045095276788,2109.316650390625,2180989
2025-03-05,2109.2175753731967,2159.4747779145187,2102.045048440056,2141.02392578125,1535212
2025-03-06,2166.449807529409,2250.689815437349,2159.771936648441,2243.4677734375,1985096
2025-03-07,2243.467693167006,2253.608163401209,2223.978252340308,2245.7431640625,921429
2025-03-10,2245.743265989839,2268.497492913965,2237.6804517577016,2254.25146484375,1072395
2025-03-11,2249.7003185974454,2266.419630684956,2233.772264583938,2262.95703125,601228
2025-03-12,2262.95701462673,2271.415698633484,2222.988820912396,2227.242919921875,749216
2025-03-13,2231.150813510289,2233.07992786277,2198.7507739836456,2207.456787109375,747470
2025-03-17,2181.437706166032,2215.3217158876582,2172.5833928079032,2195.832275390625,838015
2025-03-18,2195.832275390625,2195.832275390625,2195.832275390625,2195.832275390625,0
2025-03-19,2249.700257136058,2263.5011404862794,2243.616072050704,2256.32861328125,663292
2025-03-20,2265.529405272272,2282.3477458354287,2244.506479568326,2262.75927734375,1166849
2025-03-21,2267.161616645581,2289.7675410015963,2253.509274953812,2275.818115234375,1624115
2025-03-24,2277.796817744125,2305.3493136205766,2277.50021672254,2297.68212890625,1100353
2025-03-25,2300.155437681842,2319.447063933367,2283.337096847179,2305.843994140625,1828005
2025-03-26,2314.9949903432484,2315.934790430412,2279.379682799506,2298.324951171875,1934287
2025-03-27,2290.262225356166,2324.9872481503007,2266.024029018703,2313.115478515625,1497861
2025-03-28,2318.902724272419,2338.73852018013,2300.155270481727,2315.637939453125,1281871
2025-04-01,2316.973631547523,2336.4630710897977,2281.11099527784,2291.25146484375,970583
2025-04-02,2303.123172874622,2303.518801892997,2267.6561665765435,2282.001220703125,792693
2025-04-03,2270.476082032252,2329.7359058176767,2265.331696514396,2324.294677734375,608846
2025-04-04,2324.2946949193497,2338.6892648979606,2278.1927979190414,2330.873779296875,1163188
2025-04-07,2166.598015467922,2328.845538087437,2166.598015467922,2316.330810546875,1745817
2025-04-08,2330.824213341916,2394.140321004854,2330.824213341916,2368.615966796875,1876867
2025-04-09,2374.3537662248245,2403.4890172581904,2365.3509115818533,2385.384521484375,1186937
2025-04-11,2413.4316352729334,2421.840804733815,2354.81477756032,2368.022216796875,968152
2025-04-15,2389.0947308137074,2399.086900703578,2359.5143332692924,2389.88623046875,1141122
2025-04-16,2379.399547591545,2442.1219677939607,2378.014362868992,2433.61376953125,1166695
2025-04-17,2433.6135636785502,2449.9372456960327,2405.022483909115,2441.528076171875,885840
2025-04-21,2439.549615570957,2444.496186218964,2414.915790356595,2418.873046875,541913
2025-04-22,2418.87304657384,2423.81961722123,2387.709651495281,2406.011962890625,543647
2025-04-23,2410.9584212538784,2430.349073901287,2399.680337315784,2426.886474609375,744684
2025-04-24,2423.819646802485,2464.3815266061183,2409.8702207938923,2438.065673828125,1203452
2025-04-25,2437.966980435948,2442.319866212299,2387.907586349,2405.616455078125,702217
2025-04-28,2394.041198616951,2433.5149778513432,2379.3005144953645,2425.99609375,554920
2025-04-29,2433.712758122598,2445.584527674416,2415.509474755853,2424.907958984375,1235066
2025-04-30,2423.819432555459,2435.889015709181,2375.8377009314017,2399.779052734375,1479669
2025-05-02,2399.086782368387,2418.774037083155,2372.3753006677903,2384.2470703125,744673
2025-05-05,2397.207276735784,2448.552585862986,2397.207276735784,2410.859619140625,1229588
2025-05-06,2415.9051607572114,2423.7206459503905,2365.5491670003303,2392.16162109375,702802
2025-05-07,2362.4821380195167,2379.992949781398,2293.72480611317,2309.158203125,1711738
2025-05-08,2297.187471067545,2323.997981317608,2268.99201761129,2277.994873046875,2292261
2025-05-09,2222.593206912753,2306.8827219454733,2221.010207702129,2275.02685546875,1503010
2025-05-12,2305.1019300620587,2353.08366551614,2296.198102864394,2331.2197265625,940135
2025-05-13,2328.845504970718,2332.8027615637016,2290.3612812166643,2299.759765625,1220489
2025-05-14,2294.219400295305,2294.219400295305,2252.7672360747315,2257.91162109375,1549845
2025-05-15,2260.5828211923167,2310.5431855118845,2243.764480728304,2305.0029296875,1675015
2025-05-16,2308.9600264990613,2329.8346501256283,2290.26208706617,2328.44970703125,785113
2025-05-19,2328.450029310157,2353.4794856841663,2301.7385455479075,2306.487060546875,552961
2025-05-20,2322.4148860581417,2322.6127005748817,2266.914267567752,2271.069580078125,1095824
2025-05-21,2271.4652859762723,2291.449383478593,2265.529401082606,2287.68994140625,469330
2025-05-22,2284.5240000660287,2285.315499627662,2258.703047781497,2274.630859375,916504
2025-05-23,2277.2032808526446,2304.1125765054794,2270.4758965564943,2290.7568359375,458035
2025-05-26,2291.251517197846,2313.0164279829723,2278.192619033124,2302.331787109375,1258062
2025-05-27,2288.3827275855097,2326.4713235357294,2276.5109574192074,2302.727783203125,2485428
2025-05-28,2302.72778990034,2308.069989878001,2275.719464387096,2278.58837890625,774808
2025-05-29,2278.5882463730663,2284.326316609405,2262.066748777568,2269.783447265625,1414643
2025-05-30,2271.959969790152,2279.379825994561,2230.9034321257536,2234.959716796875,3610431
2025-06-02,2234.9596290780687,2248.0185271789314,2233.772258906544,2242.478271484375,702789
2025-06-03,2248.315255855017,2262.858124401989,2222.6918764801085,2231.595703125,792587
2025-06-04,2225.462186373197,2236.839299128605,2216.9539880477464,2224.967529296875,768079
2025-06-05,2227.0452515829743,2236.8393653714897,2209.138568277106,2219.5263671875,996614
2025-06-06,2225.066477788955,2228.5290771994382,2215.0743085917125,2221.2080078125,822087
2025-06-09,2216.0636653265124,2231.6948769865094,2212.1064087812865,2223.879150390625,1041851
2025-06-10,2236.5096020141245,2236.5096020141245,2211.7481969540704,2215.4423828125,1809051
2025-06-11,2205.5577938919528,2222.4313617191465,2203.7605500158743,2205.358154296875,1430888
2025-06-12,2220.53458020989,2259.473810708176,2204.6594529723643,2215.941650390625,3417373
2025-06-13,2171.6108865639185,2213.645383297581,2171.411246958574,2210.749755859375,1786807
2025-06-16,2210.749588087704,2246.493850099095,2205.857321207117,2241.302001953125,1301826
2025-06-17,2227.523615118048,2277.445704206305,2223.529847990987,2261.27099609375,1540986
2025-06-18,2253.4830888680904,2280.441016825307,2251.4862053157035,2277.844970703125,1131156
2025-06-19,2266.462703751929,2281.4393295476466,2260.472053433642,2264.4658203125,524926
2025-06-20,2263.4673722395323,2286.331590052743,2259.4736053718843,2282.13818359375,1945026
2025-06-23,2257.676394207308,2269.258415795201,2250.387720816316,2260.572021484375,596186
2025-06-24,2301.4083108887703,2306.10093851902,2265.364465001573,2271.754638671875,1044179
2025-06-25,2272.553284460824,2290.724874917351,2271.854180252347,2276.34716796875,807368
2025-06-26,2283.436247983665,2289.027619203835,2276.646795433512,2286.23193359375,921519
2025-06-27,2279.4424253214006,2360.815424736072,2273.551716732878,2355.0244140625,1555059
2025-06-30,2358.319484133415,2366.207076690577,2322.475521738939,2337.4521484375,785414
2025-07-01,2376.790721203461,2396.260336437012,2346.5378857039027,2365.807861328125,1232160
2025-07-02,2336.3537050263667,2426.2134629119964,2323.373962220665,2415.6298828125,1936030
2025-07-03,2425.115176958039,2460.559860659881,2421.2213514638897,2427.112060546875,1547480
2025-07-04,2427.111874037761,2439.19311632593,2408.241423077423,2420.42236328125,602309
2025-07-07,2419.5240374468945,2461.258953003477,2417.2275725788145,2438.99365234375,869054
2025-07-08,2436.697136128193,2484.123120133966,2433.502171220896,2480.728515625,1136367
2025-07-09,2516.5725437873343,2531.0499498119,2489.0154527468394,2495.006103515625,2328636
2025-07-10,2503.393050824226,2508.0856783014938,2441.2900226692773,2447.38037109375,932859
2025-07-11,2443.686285546248,2480.928213134193,2431.704984044081,2435.399169921875,1050411
2025-07-14,2427.3119430814827,2444.784674477807,2387.2743296349663,2397.85791015625,891618
2025-07-15,2406.144610422749,2411.236760713423,2382.581532019301,2389.770263671875,610228
2025-07-16,2377.289864148225,2418.625256092166,2367.305446407157,2406.743896484375,1200909
2025-07-17,2400.353957448019,2410.238433469769,2390.269598064054,2395.161865234375,526163
2025-07-18,2396.8593346465727,2401.252380791346,2368.6033846985288,2378.6875,599552
2025-07-21,2378.6875787280683,2404.247785580512,2357.1213827215047,2371.698486328125,390931
2025-07-22,2371.6984615067413,2377.0901932721026,2357.6205789331657,2361.514404296875,411317
2025-07-23,2359.31790586659,2380.984043554375,2348.9342089478964,2371.698486328125,368999
2025-07-24,2371.698557558372,2376.2914873489262,2337.352257094049,2348.43505859375,506960
2025-07-25,2336.3536977189538,2346.8373361061545,2322.175873604493,2332.5595703125,383636
2025-07-28,2332.559655754628,2362.712548992187,2316.3849475453603,2355.92333984375,650364
2025-07-29,2355.324039012076,2414.531682301382,2321.3770202217365,2397.7578125,1742815
2025-07-30,2405.2461918338104,2439.992013718193,2362.8124171750574,2412.03564453125,1685818
2025-07-31,2397.658001522801,2413.4334304549966,2369.8015732657213,2392.366455078125,1274735
2025-08-01,2374.294500880553,2468.148026146648,2374.294500880553,2427.2119140625,2225293
2025-08-04,2439.3928529127475,2463.155815490761,2435.7986088422463,2445.982666015625,1165898
2025-08-05,2458.063671609108,2459.86091552927,2405.346141685636,2433.0029296875,659094
2025-08-06,2436.1979448164952,2501.695823132035,2436.1979448164952,2487.318115234375,2019109
2025-08-07,2480.229240657659,2506.088784394948,2463.055847605046,2502.59423828125,1502806
2025-08-08,2502.594183435637,2507.786031653025,2464.6533978898347,2471.742431640625,1178226
2025-08-11,2460.060508660261,2500.297759583013,2448.1791494439526,2485.221435546875,721135
2025-08-12,2485.2214520505768,2498.900055243935,2470.144884154128,2474.438232421875,608984
2025-08-13,2475.935841367843,2500.4973615761023,2457.36472775656,2496.303955078125,350844
2025-08-14,2501.096501539215,2530.9498113788623,2493.807828251754,2524.759521484375,1088550
2025-08-18,2546.0265389946585,2590.9564190945644,2532.6475166467667,2583.3681640625,1755615
2025-08-19,2583.368149429113,2590.956404418194,2557.209023693385,2575.380615234375,698587
2025-08-20,2573.982807089872,2575.2808301046007,2559.405460174037,2566.09521484375,308028
2025-08-21,2570.887457107955,2571.98584049112,2555.311912715128,2562.6005859375,781082
2025-08-22,2558.806616032497,2565.296487535277,2497.2028075966155,2500.597412109375,523774
2025-08-25,2512.079483157146,2518.5693546358907,2472.141812518718,2489.015380859375,766497
2025-08-26,2477.23386561514,2519.3680577297696,2464.154181491318,2477.533203125,7106393
2025-08-28,2461.158979392138,2524.060811319808,2461.158979392138,2485.12158203125,1485769
2025-08-29,2487.1184467786834,2527.655280107417,2486.120005009604,2514.675537109375,1798653
2025-09-01,2514.0764550955355,2573.783323551593,2511.181071376513,2566.195068359375,1314833
2025-09-02,2564.9968023345227,2567.89218584515,2527.056016624631,2536.0419921875,1024054
2025-09-03,2526.057748690489,2561.103153300909,2523.362004588196,2549.92041015625,925847
2025-09-04,2549.920367060743,2578.9751203927085,2549.021866961899,2564.59765625,933071
2025-09-05,2561.0031976092214,2597.9455439295107,2561.0031976092214,2575.8798828125,1153436
2025-09-08,2575.879789285212,2585.56486932839,2522.4631553291565,2526.8564453125,742880
2025-09-09,2536.0421796629794,2547.624202082058,2520.865913009164,2533.346435546875,702450
2025-09-10,2533.346263650884,2551.0186336131133,2521.165323232636,2539.3369140625,520584
2025-09-11,2537.040551378236,2555.511724223768,2531.7487612163945,2551.917236328125,423961
2025-09-12,2556.010878606127,2564.297993878646,2533.2463579665027,2542.332275390625,547539
2025-09-15,2531.149796567064,2539.5366098247428,2494.107509865228,2498.700439453125,583051
2025-09-16,2491.112061131894,2505.988745075061,2470.644006120589,2477.033935546875,760790
2025-09-17,2478.132334082582,2493.009018116716,2476.934252777851,2489.71435546875,359627
2025-09-18,2494.0076803355287,2502.294796046243,2465.45239104731,2474.837646484375,400796
2025-09-19,2471.143252910981,2505.589492193983,2464.6533817417203,2477.832763671875,3731525
2025-09-22,2490.2136811024534,2499.099715226628,2470.244845982784,2478.831298828125,872806
2025-09-23,2468.2478400737427,2479.9295592874296,2424.21646331425,2443.0869140625,1332111
2025-09-24,2442.188594562913,2471.143406191009,2439.392908826091,2453.37109375,637749
2025-09-25,2454.668980247764,2458.862386739592,2384.278838654326,2400.25390625,1518215
2025-09-26,2393.7641298155327,2396.260234226185,2335.355286606269,2339.1494140625,1089446
2025-09-29,2339.249044543741,2360.01668139369,2325.570441519752,2338.94970703125,950369
2025-09-30,2348.3350182845743,2385.0777237852835,2336.3537171708776,2346.338134765625,778874
2025-10-01,2349.732829778324,2353.327317755006,2317.5830526365544,2332.160400390625,648279
2025-10-03,2338.5501879591607,2359.0182435703723,2332.4598396187675,2354.1259765625,659872
2025-10-06,2351.3302548266965,2355.523661306197,2330.46292034526,2351.130615234375,362107
2025-10-07,2351.3303121519625,2367.704659284528,2342.344336436732,2349.1337890625,498524
2025-10-08,2356.322496711939,2365.707751525275,2316.384827276144,2324.87158203125,701799
2025-10-09,2324.8716847856413,2337.35220703594,2320.1790571715687,2332.75927734375,587567
2025-10-10,2335.255443696396,2354.1261400951894,2332.959222549633,2336.553466796875,1117236
2025-10-13,2336.553388685427,2362.9123977517115,2333.358423763508,2338.849853515625,667732
2025-10-14,2338.749977872924,2351.33044207345,2304.4036774121114,2314.488037109375,353345
2025-10-15,2326.369348125747,2380.285204262567,2321.3771392241897,2371.399169921875,753640
2025-10-16,2373.2960714503183,2417.027869436486,2363.211712136544,2405.945068359375,715890
2025-10-17,2417.227539097011,2540.0358775145787,2417.227539097011,2503.892333984375,3719960
2025-10-20,2503.892172422266,2533.1465633162347,2496.8031387677584,2512.079345703125,714986
2025-10-21,2509.0840786903627,2515.2743686919584,2480.129268391111,2500.697265625,107942
2025-10-23,2514.974776830426,2542.03264522436,2492.9093608479457,2498.50048828125,811738
2025-10-24,2491.112091440693,2502.793810812847,2482.4256972285884,2497.701904296875,327596
2025-10-27,2497.7020940040347,2526.0577435021114,2495.7052104123336,2514.875244140625,550089
2025-10-28,2511.0809617114774,2524.659866801746,2488.116801823062,2505.389892578125,1103957
2025-10-29,2516.0733277780528,2546.8253838696032,2508.585014302523,2534.744140625,615292
2025-10-30,2531.5491726404607,2534.744137634209,2509.383813531086,2519.56787109375,736486
2025-10-31,2519.467915611525,2526.0577289302064,2501.3962654669995,2506.8876953125,609128
2025-11-03,2492.310331850588,2511.380667424338,2491.112250462125,2508.285400390625,425210
2025-11-04,2506.088691763791,2517.0715505723174,2475.835859202813,2482.824951171875,527087
2025-11-06,2556.110881252824,2626.900305473594,2556.110881252824,2598.843994140625,4448622
2025-11-07,2598.843889634128,2614.8189573640493,2580.9718801153545,2609.72705078125,791663
2025-11-10,2609.727196317294,2662.64461112369,2607.0314522395747,2646.27001953125,1706880
2025-11-11,2646.269873630328,2660.747278769722,2629.2963641565566,2653.059326171875,776404
2025-11-12,2655.8551730830777,2834.276672988912,2637.9831624675403,2765.484130859375,2859196
2025-11-13,2854.445030002044,2892.585699972853,2835.574578375384,2874.9130859375,5933630
2025-11-14,2860.6356432177,2905.3656399822426,2857.5403761936336,2901.87109375,2494076
2025-11-17,2901.871075167319,2922.339131539382,2875.5123098312783,2883.39990234375,1230683
2025-11-18,2886.0,2916.0,2862.10009765625,2906.0,1819066
2025-11-19,2914.0,2916.0,2887.199951171875,2893.699951171875,1387906
2025-11-20,2897.39990234375,2906.10009765625,2852.5,2859.800048828125,1062883
2025-11-21,2869.0,2895.60009765625,2854.10009765625,2876.60009765625,857340
2025-11-24,2876.0,2896.5,2864.5,2879.199951171875,5404326
2025-11-25,2899.89990234375,2908.5,2869.0,2875.800048828125,972417
2025-11-26,2880.0,2896.199951171875,2857.60009765625,2874.0,570376
2025-11-27,2880.0,2914.5,2871.39990234375,2879.10009765625,1158685
2025-11-28,2880.0,2889.89990234375,2855.800048828125,2874.39990234375,748446
2025-12-01,2877.699951171875,2887.5,2848.0,2867.60009765625,499153
2025-12-02,2867.0,2962.0,2861.199951171875,2954.39990234375,2102147
2025-12-03,2969.0,2969.199951171875,2932.60009765625,2953.5,1252456
2025-12-04,2950.0,2985.699951171875,2934.0,2957.199951171875,1466098
2025-12-05,2955.0,2973.5,2941.0,2968.5,944978
2025-12-08,2970.0,2974.5,2914.800048828125,2928.300048828125,983544
2025-12-09,2910.0,2913.5,2788.5,2796.0,1839391
2025-12-10,2810.0,2824.0,2796.699951171875,2804.5,845073
2025-12-11,2800.0,2811.60009765625,2763.199951171875,2779.39990234375,777422
2025-12-12,2795.0,2797.0,2746.0,2764.800048828125,977696
2025-12-15,2773.10009765625,2802.0,2758.699951171875,2780.199951171875,1029674
2025-12-16,2793.0,2808.0,2776.10009765625,2790.89990234375,916244
2025-12-17,2800.0,2806.5,2772.0,2785.699951171875,636499
2025-12-18,2780.0,2793.800048828125,2755.300048828125,2759.699951171875,417994
2025-12-19,2766.39990234375,2812.39990234375,2759.699951171875,2799.89990234375,3895542
2025-12-22,2785.800048828125,2823.10009765625,2780.300048828125,2807.60009765625,463953
2025-12-23,2798.0,2819.0,2783.10009765625,2807.800048828125,431068
2025-12-24,2807.800048828125,2824.699951171875,2782.0,2785.5,512144
2025-12-26,2785.0,2794.39990234375,2743.0,2746.5,532078
2025-12-29,2746.5,2793.800048828125,2735.0,2775.39990234375,815529
2025-12-30,2770.300048828125,2792.39990234375,2741.0,2758.300048828125,4833527
2025-12-31,2755.0,2796.800048828125,2754.89990234375,2769.5,1274705
2026-01-01,2775.89990234375,2782.699951171875,2746.10009765625,2752.0,327945
2026-01-02,2755.800048828125,2799.0,2755.800048828125,2772.60009765625,508884
2026-01-05,2770.0,2828.0,2769.0,2815.60009765625,866733
2026-01-06,2820.0,2848.39990234375,2811.60009765625,2845.800048828125,875891
2026-01-07,2845.800048828125,2854.699951171875,2801.10009765625,2809.39990234375,636748
2026-01-08,2795.0,2804.699951171875,2770.10009765625,2786.5,620031
2026-01-09,2789.89990234375,2856.699951171875,2786.199951171875,2825.5,1657381
2026-01-12,2826.0,2900.0,2808.0,2896.39990234375,1743901
2026-01-13,2900.0,2914.5,2870.800048828125,2886.300048828125,1051986
2026-01-14,2884.0,2884.0,2807.300048828125,2813.89990234375,958254
2026-01-15,2813.89990234375,2813.89990234375,2813.89990234375,2813.89990234375,0
2026-01-16,2787.89990234375,2826.5,2750.5,2756.89990234375,1143463
2026-01-19,2756.89990234375,2786.300048828125,2724.699951171875,2754.0,1342048
2026-01-20,2740.0,2740.10009765625,2669.300048828125,2675.60009765625,911151
2026-01-21,2670.0,2688.0,2648.0,2661.10009765625,914318
2026-01-22,2665.300048828125,2729.89990234375,2665.300048828125,2703.800048828125,1290346
2026-01-23,2703.800048828125,2782.89990234375,2690.800048828125,2703.699951171875,1786635
2026-01-27,2719.89990234375,2734.699951171875,2546.0,2622.800048828125,3818761
2026-01-28,2535.0,2548.5,2451.0,2511.800048828125,3430002
2026-01-29,2511.800048828125,2514.89990234375,2410.0,2416.0,3488159
2026-01-30,2417.0,2445.0,2400.5,2428.300048828125,2048843
2026-02-02,2374.89990234375,2429.5,2372.0,2402.0,1183482
2026-02-03,2525.0,2525.0,2391.0,2426.0,2233860
2026-02-04,2430.0,2463.800048828125,2417.10009765625,2452.699951171875,970973
2026-02-05,2445.0,2455.800048828125,2402.60009765625,2432.10009765625,1047405
2026-02-06,2432.0,2444.0,2386.10009765625,2401.10009765625,1043982
2026-02-09,2404.0,2426.199951171875,2396.800048828125,2417.39990234375,669839
2026-02-10,2419.0,2420.0,2386.89990234375,2393.60009765625,1513620
2026-02-11,2399.0,2405.699951171875,2376.300048828125,2392.5,3177710
2026-02-12,2398.0,2413.89990234375,2377.0,2410.5,607767
2026-02-13,2408.89990234375,2411.800048828125,2360.10009765625,2366.39990234375,675635
2026-02-16,2360.0,2405.10009765625,2356.800048828125,2397.199951171875,683108
2026-02-17,2399.5,2452.39990234375,2399.5,2437.39990234375,1004356
2026-02-18,2440.0,2448.199951171875,2416.5,2432.10009765625,551809
2026-02-19,2420.0,2428.0,2391.10009765625,2400.800048828125,971600
2026-02-20,2378.199951171875,2435.699951171875,2376.10009765625,2428.10009765625,790329
2026-02-23,2424.699951171875,2446.60009765625,2411.5,2429.699951171875,634365
2026-02-24,2413.0,2441.5,2403.699951171875,2413.10009765625,499660
2026-02-25,2416.0,2427.89990234375,2400.0,2416.39990234375,526764
2026-02-26,2416.10009765625,2422.199951171875,2382.0,2394.89990234375,588742
2026-02-27,2385.0,2397.60009765625,2359.0,2376.199951171875,2531619
