Date,Open,High,Low,Close,Volume
2021-02-19,2688.217762764799,2713.842774296299,2651.428300406076,2700.39306640625,3725028.0
2021-02-22,2721.6224072152963,2721.6224072152963,2587.255401166751,2600.705322265625,5366696.0
2021-02-23,2610.858896268413,2661.8453662965508,2609.100742129512,2619.825439453125,3832829.0
2021-02-24,2612.617033712622,2640.176185511166,2567.915879169328,2591.607177734375,3774549.0
2021-02-25,2614.375224727476,2663.515547441728,2609.496304030678,2633.099609375,4224073.0
2021-02-26,2602.0673142498813,2612.923998519855,2531.741170621506,2544.31201171875,5553153.0
2021-03-01,2572.178816772049,2606.462813304554,2550.905200308886,2570.596435546875,3265871.0
2021-03-02,2602.067927506961,2659.2079326718103,2591.519003476528,2642.813232421875,3306469.0
2021-03-03,2667.9987284991294,2693.49196181922,2634.505808531232,2689.1845703125,3509857.0
2021-03-04,2657.449345082376,2708.8313445735425,2651.3398038352525,2680.920654296875,3916760.0
2021-03-05,2651.3837403850207,2692.788130737611,2634.241742021742,2644.30712890625,3203686.0
2021-03-08,2651.2965109231404,2666.24082149532,2633.7149690735178,2643.3408203125,2003125.0
2021-03-09,2643.340389623625,2696.0410098074835,2630.2862256983,2682.019775390625,1942397.0
2021-03-10,2703.1616229327706,2719.160780509051,2689.975468674562,2699.601318359375,3053778.0
2021-03-12,2703.16164489604,2740.0828771190104,2673.5807911171387,2688.17333984375,2938317.0
2021-03-15,2673.2731354133907,2724.2596010016764,2673.2731354133907,2695.3818359375,3097083.0
2021-03-16,2689.975543155086,2761.180778120956,2689.975543155086,2733.973388671875,4894756.0
2021-03-17,2729.534329366762,2773.4881833018144,2712.216553840037,2736.52294921875,3838390.0
2021-03-18,2747.950528336439,2765.971605676394,2625.846826743809,2669.317138671875,3656306.0
2021-03-19,2663.603283404112,2724.259595798463,2641.6263586235505,2681.360595703125,5776626.0
2021-03-22,2680.041650108707,2759.817877235905,2653.6253468525542,2751.202880859375,2821646.0
2021-03-23,2760.3014724104632,2785.794702569668,2745.225389387804,2762.587158203125,3305973.0
2021-03-24,2734.984021595591,2771.11416820784,2734.9400248267016,2743.68701171875,2207104.0
2021-03-25,2735.862929607131,2752.2578416304186,2681.184392461588,2694.23876953125,3179786.0
2021-03-26,2716.919226684396,2740.962068326735,2675.0752905252434,2695.953369140625,3697370.0
2021-03-30,2710.194095407423,2802.892712023387,2690.766409978978,2776.6083984375,4694008.0
2021-03-31,2773.487955724415,2817.441806052853,2753.269184573334,2793.574951171875,3530069.0
2021-04-01,2805.222312687547,2826.232164235289,2764.6967827433846,2782.2783203125,4285076.0
2021-04-05,2787.5527106778604,2868.4277814386187,2769.9711735559567,2847.241943359375,5317862.0
2021-04-06,2878.9768984351203,2878.9768984351203,2839.4184372352483,2869.92236328125,2291562.0
2021-04-07,2864.9120307136286,2881.218952486572,2843.638409585986,2875.8125,2491268.0
2021-04-08,2874.581915217592,2931.721922706626,2871.1096038400187,2916.206298828125,2578118.0
2021-04-09,2948.4241211892822,2948.731883972365,2907.986581065637,2920.513427734375,2911129.0
2021-04-12,2920.5136164862206,2934.4470730375683,2824.650224965105,2853.967529296875,3791828.0
2021-04-13,2825.35319397879,2825.35319397879,2701.44734620822,2728.69873046875,8654596.0
2021-04-15,2778.1463352921887,2845.791249238992,2714.105507300417,2829.7041015625,6062760.0
2021-04-16,2838.539556337448,2854.3629419100944,2797.7504704864327,2808.78271484375,3224657.0
2021-04-19,2785.794642666172,2803.3761803289435,2755.994022175126,2779.46533203125,2679106.0
2021-04-20,2835.0229622074467,2835.330724965426,2748.302113102314,2764.30126953125,3141893.0
2021-04-22,2767.334041248242,2767.334041248242,2729.753504315789,2741.6650390625,1988980.0
2021-04-23,2729.534143649376,2741.8412219138177,2717.2710621595616,2733.489990234375,1615309.0
2021-04-26,2726.940887280336,2771.729818106261,2714.633809115576,2725.842041015625,2490260.0
2021-04-27,2730.4130419734797,2756.873344357672,2727.7758110894097,2753.26904296875,1471417.0
2021-04-28,2769.048473918748,2769.971547665992,2735.6875456479106,2746.324462890625,1639037.0
2021-04-29,2765.224751052806,2775.5539060045367,2729.9736768169814,2738.544677734375,1621395.0
2021-04-30,2724.2594341557383,2753.312969915444,2654.8123559697738,2668.56982421875,3072305.0
2021-05-03,2659.1204047780075,2685.580713035325,2640.74777805503,2669.75732421875,1545831.0
2021-05-04,2692.436595324229,2716.347442509376,2667.9982161863936,2680.964599609375,1990777.0
2021-05-05,2698.766406463981,2724.6111845742857,2683.2945653222314,2721.358642578125,1939289.0
2021-05-06,2729.973148964114,2755.026839109172,2702.282228277471,2735.20361328125,1791671.0
2021-05-07,2754.147807986654,2777.7511075730526,2735.51142144039,2754.059814453125,1912540.0
2021-05-10,2765.5325046540484,2781.575661409017,2747.1158827001123,2765.136962890625,2137153.0
2021-05-11,2747.115313948133,2749.840538186924,2717.358475020094,2745.005615234375,2415625.0
2021-05-12,2742.7197973243847,2742.7197973243847,2699.2934863807645,2714.23779296875,1978558.0
2021-05-14,2723.8205320385464,2723.8205320385464,2672.3945190889726,2682.50390625,2043935.0
2021-05-17,2685.580002093259,2703.337313029576,2668.8775405417787,2698.54638671875,2890462.0
2021-05-18,2725.13907787278,2746.236928798247,2705.7993811911024,2715.29345703125,2098538.0
2021-05-19,2711.073339463518,2740.9619560464494,2696.217024715244,2709.315185546875,1986041.0
2021-05-20,2696.217607820034,2715.293539017439,2683.031450593472,2689.97607421875,2329027.0
2021-05-21,2690.8545812685134,2714.7654317164456,2685.6681130389425,2707.99658203125,1685566.0
2021-05-24,2708.8759765625,2729.534287595834,2700.5247444426413,2708.8759765625,1652260.0
2021-05-25,2731.4021286177344,2763.4245500803454,2722.656781161452,2750.83642578125,1841613.0
2021-05-26,2756.1362259082634,2795.888190705017,2741.8255617150744,2790.146240234375,1923753.0
2021-05-27,2793.193917714031,2842.4863984305903,2793.061497428676,2809.138916015625,5959785.0
2021-05-28,2817.530802754791,2825.039506885036,2769.960867380018,2776.98388671875,1763701.0
2021-05-31,2782.637158557445,2800.613964245875,2763.732979684042,2790.719970703125,1652799.0
2021-06-01,2799.068364711175,2800.260794224567,2766.7366812113464,2785.28759765625,1377441.0
2021-06-02,2783.388528206253,2790.9854410639764,2751.719376244468,2764.484130859375,2240078.0
2021-06-03,2786.657161213381,2786.657161213381,2758.4773034623645,2774.908203125,1281706.0
2021-06-04,2763.2025385188867,2788.6880446187165,2760.552408207008,2777.11572265625,1836060.0
2021-06-07,2778.2208596814926,2818.3703040112887,2768.150447443102,2811.9658203125,2559821.0
2021-06-08,2825.039790463917,2854.191232954633,2815.499275242402,2826.93896484375,2574057.0
2021-06-09,2828.573009280281,2844.473794466741,2814.615610260748,2827.027099609375,1710925.0
2021-06-10,2835.6394791049465,2848.006754091697,2820.622073763892,2841.646484375,1874324.0
2021-06-11,2837.0092963972816,2923.0943373291366,2836.523395939516,2891.99951171875,3452954.0
2021-06-14,2896.592815610812,2922.829066049496,2888.9516917972583,2894.251953125,1847360.0
2021-06-15,2913.37707344624,2913.37707344624,2872.3442587686054,2882.238037109375,1304985.0
2021-06-16,2881.6642273428124,2910.4621884354497,2873.62541029358,2892.485595703125,1635552.0
2021-06-17,2884.667767712493,2946.99006195994,2879.809193919072,2930.82421875,2273413.0
2021-06-18,2960.1074149131528,2966.37947684618,2893.0591979366404,2912.758544921875,3380431.0
2021-06-21,2884.225420609433,2902.7763344939044,2872.4764653489665,2891.380859375,1130569.0
2021-06-22,2918.677600289609,2939.03948321946,2901.893437333948,2916.2041015625,1708688.0
2021-06-23,2940.762274815188,2940.762274815188,2876.629013074305,2881.0458984375,1467104.0
2021-06-24,2901.010456738928,2988.464791457915,2896.151882587873,2980.1611328125,4155204.0
2021-06-25,2981.618210624291,3003.17252309465,2959.312941438819,2986.52099609375,2722861.0
2021-06-28,2995.97329236556,2995.97329236556,2944.2957344698248,2947.6083984375,1355238.0
2021-06-29,2952.2460219223417,2973.712126795277,2938.553678014563,2951.230224609375,1497322.0
2021-06-30,2955.779682158569,2987.5812567424623,2949.1543541202577,2955.558837890625,1693146.0
2021-07-01,2966.3799194902176,2969.913427434816,2943.7213860627653,2951.80419921875,990310.0
2021-07-02,2942.528517456409,2950.2138535187687,2910.9035806196966,2937.625732421875,1682274.0
2021-07-05,2952.246477052987,2980.514546252776,2916.9113905532504,2933.695556640625,1972858.0
2021-07-06,2926.6279909246714,2939.878645879054,2876.363926064997,2881.8408203125,2159420.0
2021-07-07,2893.060081130474,2899.862041851697,2863.5553714558605,2893.015869140625,2640710.0
2021-07-08,2913.377277397096,2913.377277397096,2854.985972804783,2878.48388671875,2485811.0
2021-07-09,2870.975768044368,2899.2438371451126,2827.690287233853,2834.00634765625,6365067.0
2021-07-12,2857.7248389739293,2858.608216049346,2816.5153846730195,2820.71142578125,1892226.0
2021-07-13,2839.173627711881,2839.173627711881,2804.721925322098,2815.808349609375,1809339.0
2021-07-14,2815.3223456699457,2846.2405389860573,2813.555591766168,2839.659423828125,2044279.0
2021-07-15,2857.409560647077,2861.1721056543,2827.663236016785,2835.586669921875,2232968.0
2021-07-16,2844.484084817698,2850.548508646721,2825.892685570524,2828.37158203125,1256526.0
2021-07-19,2815.2690644874374,2832.79814151296,2811.7278455383967,2819.341552734375,1597058.0
2021-07-20,2819.342174362785,2846.2553578539632,2794.155076123223,2838.110595703125,1811945.0
2021-07-22,2824.1228115319595,2855.0641765371074,2824.1228115319595,2847.45068359375,2859334.0
2021-07-23,2859.5346985379906,2869.760012901406,2838.862743596103,2844.351806640625,1776193.0
2021-07-26,2832.9758386643216,2854.4444836917,2824.8753848312026,2830.806884765625,1259611.0
2021-07-27,2832.9753493862218,2841.828397353054,2798.581171579533,2817.880859375,1121367.0
2021-07-28,2822.3520448513914,2836.9152673506533,2773.129005543344,2831.028076171875,1660654.0
2021-07-29,2833.1968876310666,2855.506526949436,2824.388147472567,2829.25732421875,1731997.0
2021-07-30,2849.7964459346185,2853.7803179466428,2799.644010283248,2804.158935546875,2999943.0
2021-08-02,2815.2692243116567,2855.019322815732,2803.760262073905,2850.150146484375,2608669.0
2021-08-03,2858.649242695068,2912.652836316746,2849.751886091919,2908.1376953125,3804735.0
2021-08-04,2921.506328924193,2926.1098714268387,2887.15645370785,2898.444091796875,2929598.0
2021-08-05,2899.373439667464,2934.7856343504254,2888.307128829039,2907.296875,2534521.0
2021-08-06,2897.2047635883696,2942.753660136162,2890.520667973697,2930.182373046875,2292362.0
2021-08-09,2942.6648617114934,2954.262442321804,2930.3592100944475,2941.6025390625,1510489.0
2021-08-10,2935.3169160413063,2965.6827001982383,2935.3169160413063,2951.517822265625,2040777.0
2021-08-11,2965.7715305979195,2974.624579942988,2945.498134053273,2960.63671875,1929707.0
2021-08-12,2944.524198821045,2981.707005901768,2944.524198821045,2967.32080078125,1310205.0
2021-08-13,2975.2885735360687,3080.861187504432,2972.41133248452,3066.1650390625,4363584.0
2021-08-16,3063.155216835921,3093.565529215853,3042.350549900764,3074.619873046875,2083489.0
2021-08-17,3082.720134220687,3152.393583356461,3065.810724967882,3145.532470703125,4336019.0
2021-08-18,3163.946471418309,3182.670580449976,3130.968869437291,3152.171875,2631309.0
2021-08-20,3103.8788653712777,3164.9649012271298,3098.567036166421,3151.24267578125,2836148.0
2021-08-23,3169.391592203125,3251.7249492072847,3153.367486803747,3220.2080078125,3744176.0
2021-08-24,3237.559843001873,3246.722834673468,3182.139672824167,3198.783447265625,2511141.0
2021-08-25,3195.9506271458217,3273.6361306173026,3193.3390209691447,3239.33056640625,2123263.0
2021-08-26,3240.215351194536,3264.6498484951503,3229.503077375756,3250.706298828125,1902533.0
2021-08-27,3245.527384452308,3301.744239038429,3232.33642943804,3293.466552734375,3944728.0
2021-08-30,3288.907931618463,3311.350498845635,3264.650662131537,3276.779296875,2033114.0
2021-08-31,3283.9493355267155,3367.787867811746,3278.681815520326,3352.162109375,3207480.0
2021-09-01,3360.6172841404705,3378.943051708718,3281.8251507662603,3288.86328125,2643336.0
2021-09-02,3305.728049074127,3416.523855854154,3295.104391712346,3396.693115234375,3403717.0
2021-09-03,3386.290764265217,3414.531900131257,3368.1863248448262,3401.38525390625,1746812.0
2021-09-06,3408.1578475277897,3432.857981147022,3376.5525093752026,3410.194091796875,1723693.0
2021-09-07,3420.817373543547,3426.0848933004017,3371.4616363346827,3378.234130859375,1585039.0
2021-09-08,3373.0114584992302,3377.4379827229823,3325.204996882705,3341.273193359375,4147175.0
2021-09-09,3355.0389706434453,3371.8597589020287,3333.171989135053,3356.5439453125,1441148.0
2021-09-13,3334.94340668906,3410.5483552564024,3334.94340668906,3404.30712890625,1691473.0
2021-09-14,3408.3793883308576,3449.5903726199604,3386.291075393648,3440.2060546875,1991188.0
2021-09-15,3436.8418875120715,3523.513141909009,3422.588393623173,3500.982177734375,2461369.0
2021-09-16,3479.24794705902,3525.062471552736,3445.694980793567,3455.6103515625,2946666.0
2021-09-17,3470.395463347687,3492.52808747618,3368.58539235662,3388.814697265625,6477148.0
2021-09-20,3372.1259710711715,3427.014868473748,3371.10795701038,3384.962890625,2002008.0
2021-09-21,3415.506455653458,3427.5023808081705,3383.3255346559063,3419.888671875,1568129.0
2021-09-22,3419.4901189466127,3449.900428207557,3410.592761622935,3419.18017578125,1744067.0
2021-09-23,3426.12955476776,3434.0972979183825,3395.143886959783,3425.465576171875,2003869.0
2021-09-24,3443.835428800622,3491.995920064041,3412.849762988791,3427.2802734375,2320754.0
2021-09-27,3452.6888746968325,3456.230094055496,3366.7256883097275,3396.870361328125,1673362.0
2021-09-28,3408.4236415395485,3408.4236415395485,3320.999788396164,3345.69970703125,2253075.0
2021-09-29,3328.56914927478,3369.4701892693497,3295.2372926797398,3356.9873046875,2489161.0
2021-09-30,3368.584879337416,3368.584879337416,3319.981730608833,3342.5126953125,2252412.0
2021-10-01,3348.001520610222,3373.0113819065105,3297.760471811483,3302.364013671875,1578374.0
2021-10-04,3297.5832267767064,3349.6832824327,3282.223102672276,3340.5205078125,1356860.0
2021-10-05,3323.4344415906635,3399.570659485388,3312.456747791628,3393.63916015625,1877966.0
2021-10-06,3396.029589006554,3415.019335842433,3359.732088185577,3373.808349609375,1678154.0
2021-10-07,3390.717729179186,3451.8037665978186,3381.9089887502187,3446.4033203125,1647233.0
2021-10-08,3474.8213461781584,3532.2775413447675,3452.688726138807,3484.249755859375,2934339.0
2021-10-11,3324.319708750894,3326.532970873897,3240.21574807677,3262.879638671875,11845402.0
2021-10-12,3280.9401014859304,3281.82540642427,3214.188195590698,3233.88623046875,5752877.0
2021-10-13,3231.3630103036403,3253.8939776545526,3226.936485631991,3235.966552734375,3545655.0
2021-10-14,3215.3875927252047,3255.30274904869,3200.4858910537205,3203.36865234375,6442299.0
2021-10-18,3196.273141484285,3239.958069636793,3194.499134249665,3235.03515625,3590107.0
2021-10-19,3254.4160669882417,3273.1319287564406,3215.5652676856744,3223.50390625,3135441.0
2021-10-20,3203.8567186109995,3219.822781992781,3173.964743256937,3201.062744140625,2933693.0
2021-10-21,3196.849878744259,3199.8212109811748,3114.491504839272,3133.34033203125,4871211.0
2021-10-22,3157.732860056561,3159.152152457809,3091.207589128404,3103.49267578125,2691670.0
2021-10-25,3107.1739519538623,3117.4188879694334,3060.162755992242,3098.259521484375,2595594.0
2021-10-26,3099.6338687798507,3130.235490892572,3082.337299759617,3089.07861328125,3878763.0
2021-10-27,3089.4338676408365,3114.491722008007,3089.4338676408365,3095.421142578125,2510813.0
2021-10-28,3120.478755095048,3120.478755095048,3029.11738165139,3035.015869140625,2424942.0
2021-10-29,3015.856313483621,3069.9191338563896,3003.349477429253,3013.816162109375,3960501.0
2021-11-01,3049.473616415924,3092.981181072092,3027.29852908389,3083.578857421875,2020718.0
2021-11-02,3099.190236224732,3116.5755914866954,3077.6804012995885,3090.49755859375,3087414.0
2021-11-03,3108.237587853043,3122.163499342072,3074.398491314584,3097.637939453125,1537639.0
2021-11-04,3115.9989729006115,3116.265117267384,3108.9473382259107,3112.184814453125,328991.0
2021-11-08,3147.088570475876,3147.088570475876,3087.8366904944155,3106.95166015625,2526082.0
2021-11-09,3111.60826658761,3135.5573609997723,3100.964224626649,3109.568115234375,1782692.0
2021-11-10,3102.7385758648256,3121.986510569045,3086.94986856028,3090.586669921875,1516489.0
2021-11-11,3086.772268698592,3113.426767950228,3047.744113577115,3094.045654296875,1284514.0
2021-11-12,3109.83443207749,3134.803495274356,3091.8282167841194,3127.618896484375,1747259.0
2021-11-15,3129.3485615298887,3166.2479962691427,3129.3485615298887,3151.789794921875,1809157.0
2021-11-16,3165.7158828844404,3171.525799838451,3141.7667854235606,3154.53955078125,2013204.0
2021-11-17,3149.394673366676,3160.260466102447,3110.188945926167,3123.9375,1632914.0
2021-11-18,3117.9500055081708,3123.006098277972,3061.581111042726,3082.957763671875,2136598.0
2021-11-22,3085.3533539302653,3118.660383698187,3051.5586454065333,3067.61328125,3167936.0
2021-11-23,3055.726941087988,3087.6146723874645,3022.730455455752,3072.8017578125,2153461.0
2021-11-24,3079.8537993639643,3098.3479107016587,3037.1002699493474,3054.219482421875,2161746.0
2021-11-25,3054.7516275562534,3071.6934830272,3046.014771982266,3056.525634765625,1849619.0
2021-11-26,3037.9872931567247,3095.642526457509,3026.3674595161992,3057.368408203125,1941251.0
2021-11-29,3057.633906161152,3130.54576418905,3021.5329084651667,3106.2861328125,2981745.0
2021-11-30,3096.529310296403,3161.058816834376,3096.529310296403,3130.368408203125,5588446.0
2021-12-01,3135.5574462309587,3184.3426398781166,3135.5574462309587,3173.521240234375,2102118.0
2021-12-02,3183.6328489847224,3235.788696950229,3170.2392263609663,3231.264892578125,3152938.0
2021-12-03,3234.4143068763124,3251.710877466516,3220.5771803363205,3229.09228515625,2486263.0
2021-12-06,3229.092080530519,3244.6590363859564,3124.02655170895,3136.79931640625,1849642.0
2021-12-07,3159.949548641231,3191.438168704884,3126.066062756688,3179.463623046875,1484458.0
2021-12-08,3194.100178166319,3234.414451183741,3194.100178166319,3217.073486328125,1428660.0
2021-12-09,3202.0829162364653,3224.0362547896098,3163.0547588086524,3194.76513671875,1567957.0
2021-12-10,3179.9074252032365,3230.466622758769,3171.126177512392,3225.854248046875,1510718.0
2021-12-13,3237.562895980731,3248.206938378476,3194.7205820190884,3201.772216796875,1883864.0
2021-12-14,3197.648505010919,3224.2586173965856,3172.546255683044,3214.32421875,1747007.0
2021-12-15,3210.9529713650445,3213.6139821147945,3156.0917131195874,3166.913330078125,1603233.0
2021-12-16,3177.246804652196,3200.7080058928564,3166.6027617555383,3176.89208984375,2072320.0
2021-12-17,3195.4303268304093,3238.7605373840274,3169.884580976256,3179.331298828125,4333992.0
2021-12-20,3183.4558113624607,3198.534872045984,3113.515493276563,3154.98291015625,2312310.0
2021-12-21,3177.822937788501,3229.757034964151,3163.409131207713,3200.57470703125,2340989.0
2021-12-22,3214.501007023342,3225.8546962749856,3198.756693316205,3220.48828125,1224328.0
2021-12-23,3235.788485576893,3255.746062584974,3219.822423970428,3248.827392578125,1792861.0
2021-12-24,3268.60815531731,3286.3482267165896,3232.950655115478,3256.101318359375,2209923.0
2021-12-27,3256.189982037391,3281.913084592304,3240.312705357694,3278.453857421875,1534135.0
2021-12-28,3290.7830191866974,3304.088071824918,3276.457999134316,3287.722900390625,1456218.0
2021-12-29,3275.0387987147183,3299.608753298073,3268.6080230926227,3277.2119140625,1456923.0
2021-12-30,3265.3707085089977,3317.393381737529,3264.173167057248,3311.849609375,1966475.0
2021-12-31,3319.8770542748616,3335.1334725940915,3309.676513068789,3315.929931640625,1207141.0
2022-01-03,3326.262938126187,3397.223214139545,3321.827920875352,3386.357421875,2346158.0
2022-01-04,3398.1994545927564,3449.689838451158,3380.9914554484494,3445.787109375,2488606.0
2022-01-05,3428.268677173808,3432.703694867435,3381.6122044154104,3424.67626953125,1733031.0
2022-01-06,3381.257344785918,3401.658425302727,3345.777204756685,3377.221435546875,1810293.0
2022-01-07,3388.353496871756,3428.1798688915587,3367.4201268665024,3418.068115234375,2460591.0
2022-01-10,3528.500232508882,3528.500232508882,3424.72081390568,3441.44091796875,3937092.0
2022-01-11,3420.285568039854,3481.4888108289488,3420.285568039854,3473.4169921875,1906106.0
2022-01-12,3481.4888900484816,3485.0369042039447,3403.0334703465164,3423.744873046875,3203744.0
2022-01-13,3475.2800304751445,3479.715048380294,3421.1728120323205,3457.451171875,6684507.0
2022-01-14,3439.6669332386305,3527.6132519299485,3423.87822614004,3519.76318359375,3348123.0
2022-01-17,3541.539043469743,3586.155365505401,3514.574222074522,3565.000244140625,3442604.0
2022-01-18,3578.1282350812835,3585.002513185261,3530.2744327520645,3539.6767578125,2389041.0
2022-01-19,3564.9112784096897,3564.9112784096897,3474.722221889604,3478.40966796875,3102539.0
2022-01-20,3474.2781567850398,3483.1637786694,3386.3105001298686,3400.127685546875,6176776.0
2022-01-21,3382.7560817031394,3422.3415685992545,3350.856787511947,3406.302978515625,3112358.0
2022-01-24,3412.0790577085536,3420.653596691898,3323.3117752465123,3351.079345703125,3258414.0
2022-01-25,3349.4351892399127,3384.88873399582,3307.406154089975,3349.79052734375,3330501.0
2022-01-27,3315.225405503914,3317.35786790561,3221.1267599154967,3242.58544921875,5718297.0
2022-01-28,3239.697660350744,3314.159213319958,3239.697660350744,3278.8388671875,3143862.0
2022-01-31,3331.219303461651,3339.2163623389933,3306.694902797494,3319.89013671875,2739393.0
2022-02-01,3349.8791832605725,3383.644543728451,3320.023409336383,3377.113525390625,2105169.0
2022-02-02,3401.3270359319927,3433.404216968729,3377.113716855285,3426.473388671875,1984212.0
2022-02-03,3421.852482789957,3449.8421875959507,3390.7972822729826,3398.39453125,1960538.0
2022-02-04,3390.1311897835267,3398.483587159522,3348.990719148999,3389.775634765625,2307366.0
2022-02-07,3368.538966045395,3404.7923435959337,3337.572489673576,3357.876220703125,1919149.0
2022-02-08,3369.028014039471,3376.2697091125106,3306.33990816381,3326.2880859375,2946443.0
2022-02-09,3332.1085347583003,3356.943806983869,3328.643228655811,3341.48291015625,1638721.0
2022-02-10,3367.4729203279344,3367.4729203279344,3339.216600228163,3350.1904296875,2112459.0
2022-02-11,3334.329669302253,3334.329669302253,3278.794531572369,3283.19287109375,3851488.0
2022-02-14,3309.0057078067457,3370.538641551541,3296.5658367247656,3317.669189453125,5951745.0
2022-02-15,3364.096462084056,3407.63600953311,3330.331098756218,3392.352783203125,3931683.0
2022-02-16,3415.633244203749,3424.607809584704,3381.867879146584,3388.1767578125,3256906.0
2022-02-17,3398.750698625291,3407.636321366795,3357.8768340143724,3362.497314453125,3134372.0
2022-02-18,3348.9913403725423,3390.709297365252,3338.861816830406,3371.116455078125,3688883.0
2022-02-21,3385.421786187314,3401.238235819317,3292.611513152284,3304.91796875,7465922.0
2022-02-22,3243.2516497396105,3259.1568244811297,3172.1666820740847,3186.739013671875,5408531.0
2022-02-23,3208.598298112839,3219.1721021582184,3159.4162905968537,3166.658203125,2426203.0
2022-02-24,3086.8652011266936,3095.6176259058466,3013.203478696721,3022.57763671875,5039136.0
2022-02-25,3081.5333782863204,3136.624228763181,3076.2020056595275,3128.405029296875,2549723.0
2022-02-28,3101.08155699652,3166.6130082367754,3070.781504293489,3158.127197265625,3288942.0
2022-03-02,3156.617065851155,3173.8995564350007,3115.2989255099646,3150.974609375,2761341.0
2022-03-03,3165.8133325428826,3179.8081845913453,3136.712925902428,3149.419189453125,1928039.0
2022-03-04,3111.3002726289437,3164.347387967224,3098.460593342772,3131.60400390625,2370257.0
2022-03-07,3065.539317577579,3152.618405439203,3049.145389831269,3096.550048828125,3054130.0
2022-03-08,3074.424831616922,3206.820583036263,3074.424831616922,3198.779052734375,3300992.0
2022-03-09,3203.2666130344987,3246.806159231084,3196.2025871914693,3227.791015625,2719654.0
2022-03-10,3273.4628498933785,3273.4628498933785,3212.152063616874,3217.43896484375,2005441.0
2022-03-11,3201.71179536414,3234.2332591475283,3192.4708351186337,3198.068603515625,1623423.0
2022-03-14,3181.052805680414,3241.786121299952,3181.052805680414,3237.0322265625,1765688.0
2022-03-15,3251.2488011709297,3251.2488011709297,3185.8505422829967,3193.4033203125,3651133.0
2022-03-16,3234.81061397706,3259.246073909588,3213.2629811274664,3248.494384765625,3090475.0
2022-03-17,3284.6588462421337,3296.565491973189,3252.4039976373524,3263.466552734375,3600452.0
2022-03-21,3284.1262384833944,3300.075888273181,3212.152692672476,3222.548828125,2413831.0
2022-03-22,3234.366108099753,3297.454018450051,3221.037676335606,3288.52392578125,2907611.0
2022-03-23,3294.788167557653,3314.15886414101,3278.794050239412,3298.69775390625,1596195.0
2022-03-24,3287.6801846115463,3339.394461966447,3283.2373735512606,3331.97509765625,1879046.0
2022-03-25,3340.904847554434,3358.320753023483,3262.80031885229,3294.2998046875,1690133.0
2022-03-28,3283.2372762842638,3299.2313956274616,3253.203831019655,3294.52197265625,1760990.0
2022-03-29,3283.0149923595486,3307.228310863317,3279.6828843085714,3292.433837890625,2689063.0
2022-03-30,3321.4450492066144,3321.4450492066144,3293.18873172542,3315.7138671875,1583455.0
2022-03-31,3323.222938297853,3336.240288969665,3305.62936170827,3323.178466796875,2168110.0
2022-04-01,3330.3312567550715,3343.6596902799715,3312.6044835537823,3339.88330078125,1387014.0
2022-04-04,3342.7708488713006,3358.7649677654217,3320.645737841415,3350.1904296875,1472994.0
2022-04-05,3351.656507431064,3408.1691482536567,3351.656507431064,3389.68701171875,2314947.0
2022-04-06,3384.8001942913256,3384.8001942913256,3315.358924868198,3336.8623046875,2051729.0
2022-04-07,3328.109814842377,3328.109814842377,3269.0204268602606,3273.596435546875,2494829.0
2022-04-08,3278.7947760071893,3292.1232100559987,3236.5880681859585,3274.929443359375,2296773.0
2022-04-11,3278.794977350085,3298.654432075992,3248.672801323704,3284.481689453125,2291660.0
2022-04-12,3272.5745321735017,3322.3340146067667,3241.785939191569,3279.77197265625,4483476.0
2022-04-13,3293.89988537501,3296.432374272563,3248.1834062092184,3253.8701171875,1621672.0
2022-04-18,3207.7097228524217,3207.7097228524217,3129.960525968879,3134.89208984375,3820792.0
2022-04-19,3154.3955685792644,3166.435628854608,3055.8983694740664,3084.998779296875,3170014.0
2022-04-20,3109.96737309894,3171.4113559966663,3092.1961309669464,3160.437744140625,2640370.0
2022-04-21,3181.0525434049096,3237.9205218344946,3169.856573377936,3224.281005859375,2280996.0
2022-04-22,3182.0301046657846,3213.929400104954,3173.4998209772857,3209.975341796875,1581465.0
2022-04-25,3161.5040949392046,3184.606710585191,3139.3789844211183,3152.796142578125,1960694.0
2022-04-26,3176.743043452235,3188.072211434104,3126.094998356819,3151.108154296875,1943469.0
2022-04-27,3150.841311128136,3170.789487548089,3115.565437974692,3164.347412109375,1727648.0
2022-04-28,3188.161416300322,3202.7337507159955,3143.777774418422,3184.873779296875,1703660.0
2022-04-29,3196.158346677765,3219.4831052544378,3142.7114152271597,3151.463623046875,2051115.0
2022-05-02,3127.64992908474,3152.574141608423,3103.525552683142,3147.642578125,1324161.0
2022-05-04,3144.177643587452,3150.3531080776697,3079.134927751278,3091.974609375,2305825.0
2022-05-05,3120.719554345007,3139.290418532952,3096.950514238651,3121.87451171875,1612262.0
2022-05-06,3073.536321944704,3087.309034575563,3042.8809293147265,3050.078369140625,2010812.0
2022-05-09,3019.3341828755038,3070.8707875272926,2973.884315719168,3061.185546875,2481830.0
2022-05-10,3051.32278631634,3078.690547180904,3040.660039247092,3055.54345703125,1622685.0
2022-05-11,3052.211345927517,3064.162464870448,3005.25074397707,3031.7744140625,1841769.0
2022-05-12,3001.563019460916,3065.2728838583857,2976.772221615572,3028.79736328125,2807195.0
2022-05-13,3052.21101624816,3056.56488405373,3005.250419370082,3034.350830078125,2187823.0
2022-05-16,3034.440105114655,3047.7685389584967,2991.4337786855167,3000.4970703125,1195813.0
2022-05-17,2994.454423948811,3080.644951878495,2977.0385191605064,3066.961181640625,1754076.0
2022-05-18,3078.867807778195,3105.524671914802,3059.3639122384,3064.47314453125,1866781.0
2022-05-19,3018.446184840041,3025.5546833618905,2870.056278196448,2898.44580078125,4642963.0
2022-05-20,2941.140467379906,2944.605772697741,2905.6424558809776,2926.034912109375,3065125.0
2022-05-23,2936.5206996791653,2966.8205436107723,2902.9330017268994,2951.581787109375,2293690.0
2022-05-24,2945.7164140697164,2954.335639562812,2910.573958291516,2921.592041015625,1711510.0
2022-05-25,2945.610802185031,2945.610802185031,2821.4475663720973,2833.61328125,3548046.0
2022-05-26,2854.50145711165,2899.6761119484217,2845.153478156193,2886.660400390625,2813186.0
2022-05-27,2910.1417734778424,2933.131599681016,2888.6726342881934,2917.3876953125,3103153.0
2022-05-30,2949.3231893846983,3029.474734968172,2939.7963456033503,3019.321533203125,2094624.0
2022-05-31,3000.446242074904,3026.61175498754,2974.370271265418,3009.57080078125,4840965.0
2022-06-01,3030.727190529451,3030.727190529451,2987.833677896286,3001.385986328125,1493835.0
2022-06-02,3001.206902011668,3070.0870604184925,2993.424382338286,3062.0361328125,2657939.0
2022-06-03,3094.5979714961795,3110.6105050464357,3069.37177211008,3077.3779296875,1913622.0
2022-06-06,3057.564088275877,3088.8732582845537,3021.021726779004,3069.1484375,1084210.0
2022-06-07,3042.4012031637467,3058.3241943557528,3002.1017895151595,3008.09521484375,2308256.0
2022-06-08,3023.705172658076,3053.940927115839,2993.6037313859933,3045.17431640625,2185707.0
2022-06-09,3028.043561052109,3074.5600352543865,2999.507580582336,3065.7041015625,1279197.0
2022-06-10,3025.359920942585,3035.1999443400923,2998.5234934948394,3005.59033203125,1527582.0
2022-06-13,2943.061261429589,2945.7449039172147,2855.798109527881,2880.085205078125,3030921.0
2022-06-14,2853.6069924191734,2897.350284976145,2839.9203697482358,2871.989990234375,2611493.0
2022-06-15,2879.101180156408,2892.966666653976,2863.4465986268947,2868.187744140625,1404536.0
2022-06-16,2898.3341186445737,2902.6727617050265,2802.6622999813585,2810.66845703125,2032028.0
2022-06-17,2765.94115364254,2789.870301721433,2704.9778226240087,2763.16796875,5240434.0
2022-06-20,2767.730352460193,2807.761358689215,2745.366661829454,2784.18994140625,1502769.0
2022-06-21,2799.9338157288757,2896.321313698456,2795.8188096638946,2873.241943359375,2964461.0
2022-06-22,2862.462666195436,2907.7716314048357,2847.344899703459,2883.08203125,3336315.0
2022-06-23,2883.082389175418,2968.109189472764,2883.082389175418,2959.87939453125,3692578.0
2022-06-24,2986.894363273469,2992.261648742065,2931.8796872203643,2945.834716796875,2132118.0
2022-06-27,2996.73455740737,3008.2741344642945,2957.821735542528,2965.156982421875,2037686.0
2022-06-28,2958.2683152747577,2978.842905916221,2927.4959714126285,2968.242431640625,1400046.0
2022-06-29,2926.064868694561,2981.5268136224317,2926.064868694561,2943.508544921875,2133994.0
2022-06-30,2926.959611694538,2961.757424365387,2911.75230319857,2922.576416015625,2719603.0
2022-07-01,2916.22547160432,2981.5274530236807,2909.113861142531,2965.51513671875,1502879.0
2022-07-04,2962.7416439730086,2968.0641585009434,2884.9607740218207,2893.90625,2622535.0
2022-07-05,2911.751999872476,2926.959306784252,2868.7689504809973,2877.133056640625,2170627.0
2022-07-06,2879.101120190488,2923.8284950575144,2864.564723358704,2916.895751953125,2182144.0
2022-07-07,2926.064970356502,2969.3609834462977,2920.7424562325778,2941.13818359375,1989921.0
2022-07-08,2952.007497710516,2956.4802363434105,2907.2801113815685,2921.100830078125,2136916.0
2022-07-11,2868.0537232952515,2884.916033048132,2778.4648677976734,2785.4423828125,6974600.0
2022-07-12,2786.4259354986384,2805.4798410310173,2755.429951813746,2759.41064453125,3734815.0
2022-07-13,2776.675624742904,2782.04291010001,2714.9518431361835,2718.306396484375,3863530.0
2022-07-14,2740.9532526573576,2741.8501614442216,2661.128370626433,2689.605224609375,4764908.0
2022-07-15,2707.364223712299,2716.6470988263773,2648.571805435597,2685.88330078125,4574806.0
2022-07-18,2711.3551275827026,2759.743310428452,2703.5520653201875,2747.679931640625,3202795.0
2022-07-19,2717.678694261558,2761.537449268749,2717.678694261558,2757.322021484375,1865074.0
2022-07-20,2787.4133060578565,2844.949919921643,2778.668444964135,2838.537109375,3402251.0
2022-07-21,2840.5103301995564,2855.757780661632,2819.9263158701324,2849.74853515625,2420640.0
2022-07-22,2856.6546240126586,2867.417529974402,2819.4329075616306,2844.097900390625,2075886.0
2022-07-25,2838.716542307275,2857.9551935626573,2824.4557790199847,2840.2861328125,1797504.0
2022-07-26,2838.447418714807,2842.214392123494,2777.278278402279,2794.67822265625,2639367.0
2022-07-27,2793.870864668994,2864.816437135854,2789.3863207449663,2860.107666015625,1389808.0
2022-07-28,2884.4586528139857,2927.5102744977767,2871.587924159354,2924.37109375,2106333.0
2022-07-29,2950.829803094839,2975.315455893616,2937.376171773738,2961.5029296875,2430257.0
2022-08-01,2984.0156856722806,2984.0156856722806,2933.78879105321,2958.722900390625,1306913.0
2022-08-02,2950.830100362577,2971.369225326498,2934.371735466329,2952.444580078125,1269114.0
2022-08-03,2941.860735373933,3003.74743986808,2939.2148983239917,2995.226806640625,2895824.0
2022-08-04,3004.6443298312643,3038.6370840635946,2966.39125901186,3009.083984375,2150567.0
2022-08-05,3014.689636001641,3028.860837995697,3009.1288455657577,3018.142822265625,1106933.0
2022-08-08,3018.0984733695386,3030.565419593508,2992.08811505521,3026.57421875,1068836.0
2022-08-10,3036.0364904074586,3036.0364904074586,2991.1910474176884,3008.45654296875,1878359.0
2022-08-11,3049.490204414719,3075.2314455811347,3027.112371561996,3069.670654296875,1449248.0
2022-08-12,3066.531141485432,3066.531141485432,3032.6728347901767,3050.880126953125,1472354.0
2022-08-16,3059.35634824282,3062.809535198553,3038.278988470405,3042.94287109375,839942.0
2022-08-17,3036.1260219106084,3065.58934417508,3023.569298894891,3050.4765625,1622326.0
2022-08-18,3040.521048261321,3042.3148659889093,3015.4076000750924,3032.673095703125,1430659.0
2022-08-19,3037.830120380455,3068.7734741310087,3023.703806711724,3036.708984375,1398410.0
2022-08-22,3018.098484400233,3035.229532182766,3002.3127999837025,3008.725830078125,1536532.0
2022-08-23,2977.6924120107906,2997.3795169400164,2932.8918599626186,2945.98681640625,1849256.0
2022-08-24,2952.6238177327377,2966.974358766676,2915.132985487199,2919.752197265625,1691923.0
2022-08-25,2938.2730091845947,2940.20127537172,2883.337349290652,2886.431640625,1946930.0
2022-08-26,2900.8724605252028,2921.232248490336,2885.1765549837287,2890.019775390625,1457962.0
2022-08-29,2802.840110903929,2818.7153534977124,2763.376122142402,2809.61181640625,2539173.0
2022-08-30,2829.7475402706787,2893.876525731647,2818.177503209836,2880.10888671875,3431525.0
2022-09-01,2861.139194303962,2861.139194303962,2799.252484458516,2808.849365234375,3546935.0
2022-09-02,2836.922172062369,2836.922172062369,2798.624214988239,2807.682861328125,2052900.0
2022-09-05,2801.629162397573,2823.424090629921,2791.4044893857963,2810.3740234375,2147912.0
2022-09-06,2812.257791314557,2817.0563414080293,2786.112985069215,2804.678955078125,1936453.0
2022-09-07,2782.211106134661,2835.935855830716,2782.211106134661,2824.904052734375,1291534.0
2022-09-08,2843.200724399798,2855.308992469009,2834.321415404456,2842.88671875,1346113.0
2022-09-09,2865.623337663798,2900.154323109825,2841.855256772377,2885.938232421875,1561185.0
2022-09-12,2905.8949993497577,2932.712706306049,2892.531144596041,2908.630615234375,1785928.0
2022-09-13,2927.016830182846,2927.016830182846,2892.530732377249,2896.432373046875,1972678.0
2022-09-14,2811.8090673004745,2817.549195989468,2792.794644674827,2798.714111328125,5090269.0
2022-09-15,2807.325208656137,2814.276253501851,2780.417938285631,2784.319580078125,2138023.0
2022-09-16,2758.8917984020136,2775.350164437028,2690.726721458401,2698.52978515625,5322221.0
2022-09-19,2723.015317228446,2728.3967704245497,2679.784353680792,2716.5576171875,2072220.0
2022-09-20,2735.5722874417543,2762.434666601104,2717.63410850771,2726.872314453125,1544295.0
2022-09-21,2715.8401811124536,2727.8586729249173,2689.0673625441004,2691.802978515625,2253818.0
2022-09-22,2681.757642079149,2717.5891092550232,2672.1607605323097,2697.36376953125,2017983.0
2022-09-23,2694.3140576547,2710.9068705929853,2671.891337467826,2674.626953125,2652374.0
2022-09-26,2654.715589532401,2713.9115701152955,2624.4449176434205,2685.70361328125,2925489.0
2022-09-27,2699.157038211504,2713.148901955787,2669.2003742877428,2706.377197265625,2227447.0
2022-09-28,2672.7882836301883,2735.527011795521,2672.7882836301883,2722.701171875,2739767.0
2022-09-29,2739.1593707259813,2740.8187395314417,2681.757209715352,2688.3046875,2493902.0
2022-09-30,2682.520009335048,2708.395699120603,2645.9709725023213,2694.8076171875,2817353.0
2022-10-03,2686.242005078373,2709.292518723233,2667.406919233083,2677.22802734375,1763331.0
2022-10-04,2717.588718557192,2778.6234049291743,2711.355246320495,2772.4794921875,2145875.0
2022-10-06,2790.2835732028752,2801.94338884146,2773.6458694011303,2782.16650390625,1790816.0
2022-10-07,2778.08483459039,2784.901428090073,2742.8364989388992,2748.935302734375,1939879.0
2022-10-10,2699.695910645574,2804.634256673989,2695.2113659435045,2797.055419921875,3064063.0
2022-10-11,2780.417274423348,2820.7781703423966,2738.5765665760173,2753.1064453125,4730645.0
2022-10-12,2766.8739951763155,2789.296716194542,2746.379759548788,2781.090087890625,1665247.0
2022-10-13,2781.089792030079,2789.3861979242265,2737.679496345662,2783.376953125,2054781.0
2022-10-14,2820.778388463066,2825.262932800845,2754.407132263935,2779.655029296875,2245977.0
2022-10-17,2763.019456376146,2813.1515376703646,2761.940424094576,2798.179443359375,1517005.0
2022-10-18,2832.5748013053026,2837.3857701324823,2813.2863596612765,2827.808837890625,1793722.0
2022-10-19,2840.667783808336,2840.667783808336,2798.403970627268,2807.261474609375,1194289.0
2022-10-20,2792.109623415044,2841.567281800818,2792.109623415044,2839.139404296875,1587601.0
2022-10-21,2839.589055976241,2841.9269226796287,2811.8927230154723,2821.24462890625,1021913.0
2022-10-24,2850.6488779498463,2857.7527065541144,2837.070418243622,2843.09521484375,260949.0
2022-10-25,2860.0013123108297,2863.373425161377,2833.6088212517743,2843.45556640625,2069643.0
2022-10-27,2842.1960183251845,2854.1558203964987,2818.501441205394,2839.228515625,2438421.0
2022-10-28,2832.574946714712,2858.2030057564166,2828.078796005641,2844.48974609375,1355739.0
2022-10-31,2876.63655949297,2876.63655949297,2857.5729287957265,2871.3759765625,1919414.0
2022-11-01,2890.5755411039963,2933.828602485197,2880.639003269004,2931.220703125,2991060.0
2022-11-02,2940.4821892267983,2940.4821892267983,2897.364153326128,2915.033935546875,1405955.0
2022-11-03,2902.759355203132,2902.759355203132,2873.0397607189666,2883.605712890625,1422652.0
2022-11-04,2892.823257100407,2895.565952837209,2847.0973182984712,2893.182861328125,1464013.0
2022-11-07,2903.613506895121,2916.022924105761,2873.12969942292,2907.83984375,1474498.0
2022-11-09,2922.317516475152,2922.317516475152,2879.019462940174,2891.968505859375,1162267.0
2022-11-10,2850.5597188557617,2900.017379593007,2850.5597188557617,2882.6171875,1573092.0
2022-11-11,2940.1228186004687,3004.8673857085314,2927.038976756328,2981.802001953125,3265394.0
2022-11-14,2989.0411769459224,3011.521931886852,2975.552723981365,2999.38232421875,1342074.0
2022-11-15,2986.34325675643,3003.383623783829,2960.265583029861,2996.7744140625,1400708.0
2022-11-16,3002.439422181781,3028.517096203142,2986.747900169754,3017.23193359375,1748235.0
2022-11-17,3003.4284137988952,3021.4130150791284,2983.420544874636,3011.521484375,1417986.0
2022-11-18,3012.4207626399884,3023.8859461395887,2986.3430903663884,3006.53076171875,1164540.0
2022-11-21,2987.6913035302578,2997.7626343703405,2943.17942406457,2952.621337890625,1304194.0
2022-11-22,2949.474300220908,2984.499263628318,2927.2183584738145,2980.90234375,1149739.0
2022-11-23,2994.4360999578107,2994.4360999578107,2959.3661276159623,2974.9228515625,1150011.0
2022-11-24,2982.0717563383823,3051.0426596485013,2974.9229211016186,3039.532470703125,1296591.0
2022-11-25,3042.0954030126463,3060.394823210972,3010.6223497742653,3048.0751953125,1588981.0
2022-11-28,3026.8086028102216,3072.669339216437,3026.403993161417,3053.111083984375,2195437.0
2022-11-29,3042.0952286744628,3083.4598105600744,3042.0952286744628,3054.999267578125,1576028.0
2022-11-30,3042.0955801028995,3070.780933908881,3034.901738943921,3049.109619140625,3410702.0
2022-12-01,3079.863260454184,3129.3209186512586,3075.3671097089955,3125.4091796875,2180856.0
2022-12-02,3109.627744491306,3119.3392540899144,3069.072378541606,3092.587158203125,2411749.0
2022-12-05,3087.0572295600364,3092.58740739032,3063.677244716296,3080.672607421875,1475065.0
2022-12-06,3057.4271337408773,3064.5309632236253,3028.6067671234496,3044.20849609375,1166999.0
2022-12-07,3028.8769253670016,3051.717283114325,3016.0178904534705,3039.9375,1167505.0
2022-12-08,3021.413208083765,3039.9374364011487,3002.9339851801747,3012.91552734375,1285619.0
2022-12-09,3034.092398588754,3034.092398588754,2946.192655434108,2960.93994140625,1797896.0
2022-12-12,2927.4435310812128,2963.8623493913924,2909.9985553110337,2955.274658203125,1527610.0
2022-12-13,2946.9570828866963,3000.2364707063502,2938.5044070649324,2996.324951171875,1378016.0
2022-12-14,3011.342061891145,3036.700308985312,3004.238011766736,3026.224365234375,1213311.0
2022-12-15,3020.334021299725,3025.6843963408824,2966.5150134691307,2972.04541015625,1415694.0
2022-12-16,2944.978222678854,2960.265132537034,2900.196525186588,2913.72998046875,2703680.0
2022-12-19,2901.815384614212,2918.4511406152537,2872.590407855624,2879.379638671875,2120965.0
2022-12-20,2876.5470140498965,2921.5985288569414,2844.8491537414297,2917.057373046875,1529971.0
2022-12-21,2921.598475154693,2952.2173027124622,2913.5054045863976,2939.178466796875,1432566.0
2022-12-22,2962.0643435671373,2962.0643435671373,2918.092073641109,2931.220703125,1384101.0
2022-12-23,2892.82319170629,2937.649899386993,2892.82319170629,2903.029541015625,1360281.0
2022-12-26,2903.029061099328,2942.2803601173773,2900.061558393209,2925.10498046875,870157.0
2022-12-27,2939.762770587653,2943.8993165416755,2905.861842359533,2931.040283203125,835883.0
2022-12-28,2922.317657261713,2936.97514996556,2900.915939651672,2928.882080078125,910795.0
2022-12-29,2905.502231554976,2941.831036874104,2902.714530652486,2939.358154296875,1037927.0
2022-12-30,2954.915197070413,2966.5601832850143,2919.0807887627284,2928.522705078125,1163131.0
2023-01-02,2932.3888474641512,2937.649430452119,2909.1886710006047,2932.79345703125,709547.0
2023-01-03,2924.296135819554,2985.4437794959777,2918.271338365036,2977.66552734375,1245178.0
2023-01-04,2973.4839774740417,2992.05320982366,2955.049761355759,2980.6328125,1231668.0
2023-01-05,2994.6160814211885,3001.00070304536,2951.228228425236,2977.44091796875,1826057.0
2023-01-06,2967.4592187363287,2968.8530692467866,2877.5362121079547,2887.92236328125,2488376.0
2023-01-09,2903.613754663653,2991.7382972331907,2896.5547111423957,2985.398681640625,2885060.0
2023-01-10,2953.970413920295,2965.660403381776,2904.602777009929,2955.229248046875,3864655.0
2023-01-11,2958.556940867891,3011.9711192058594,2941.5163554119845,2993.26708984375,2720512.0
2023-01-12,2993.5369316546853,3012.420763305256,2981.442331005253,2998.347900390625,2250391.0
2023-01-13,3006.0360632064358,3038.498356009124,2971.9553319355296,3034.496826171875,1742837.0
2023-01-16,3050.5454115615325,3083.653531795544,3033.117709844113,3066.225830078125,1843607.0
2023-01-17,3062.5007620361607,3110.139707684702,3054.2237329495765,3107.0126953125,1688475.0
2023-01-18,3108.484209358868,3135.108607607236,3101.356767754569,3117.680908203125,2421189.0
2023-01-19,3108.4843044601644,3114.9219938481,3091.0105761214827,3102.138671875,1585044.0
2023-01-20,3094.6899103450546,3121.958039208627,3086.0451011499786,3092.942626953125,1529349.0
2023-01-23,3115.841536579629,3144.3513027053577,3086.044322440379,3140.58056640625,1067916.0
2023-01-24,3149.8694039858374,3174.654462857429,3142.787990669495,3160.26171875,1387863.0
2023-01-25,3150.145794527638,3159.066548901159,3131.4764480373938,3154.23828125,874110.0
2023-01-27,3150.789304292453,3169.1827036169857,3110.599771674109,3137.040283203125,1785879.0
2023-01-30,3145.2715449050534,3180.632813128412,3113.5889568511743,3157.824951171875,1953798.0
2023-01-31,3171.9420023718426,3171.9420023718426,3081.8143374740634,3088.895751953125,2820375.0
2023-02-01,3092.8497664355737,3144.351279049428,3085.492407490737,3134.556884765625,2205161.0
2023-02-02,3151.708894962381,3190.3350325720744,3145.363262166592,3182.42578125,1813847.0
2023-02-03,3222.523443017251,3222.523443017251,3175.5282196617327,3202.566650390625,1804469.0
2023-02-06,3194.1515611886443,3194.1515611886443,3160.7677220012893,3182.011962890625,1138714.0
2023-02-07,3190.2429235610102,3212.4070586382527,3183.345399100722,3193.599853515625,1455647.0
2023-02-08,3198.6579142429127,3255.5393623719237,3198.6579142429127,3237.330078125,1986946.0
2023-02-09,3232.6400151634225,3262.621346651852,3223.719261165319,3256.41357421875,1655427.0
2023-02-10,3237.2376798721584,3257.7923896112598,3226.339502984949,3253.3779296875,1187821.0
2023-02-13,3263.908553895811,3263.908553895811,3194.3814179658048,3202.658447265625,1087939.0
2023-02-14,3223.4433048441,3241.6988438998887,3214.2466049729323,3218.93701171875,1579818.0
2023-02-15,3206.889133323468,3242.756261571135,3182.1959052183624,3237.8359375,1429449.0
2023-02-16,3243.85953984282,3287.8198047959163,3243.6756507734817,3272.2314453125,1618931.0
2023-02-17,3242.894092415164,3254.619884234397,3209.648113656855,3219.90234375,1061369.0
2023-02-20,3220.6841423269884,3239.077541198073,3195.8990822539604,3207.1650390625,1296082.0
2023-02-21,3213.3263194488463,3227.0293098204515,3168.032581259706,3173.780517578125,1139541.0
2023-02-22,3140.6267096205747,3170.1021750983955,3122.2793398488698,3128.30322265625,1218430.0
2023-02-23,3146.190914704899,3175.068461467988,3134.2352052950296,3139.5693359375,1441570.0
2023-02-24,3147.5702703492466,3158.1004459242777,3110.5995848333705,3127.29150390625,977592.0
2023-02-27,3117.681110007593,3117.681110007593,3049.6255341549195,3064.202392578125,1128022.0
2023-02-28,3061.1212597371414,3119.52029834111,3034.8186108063605,3046.728515625,4116217.0
2023-03-01,3056.063060853009,3116.761273918401,3048.705701693568,3113.726318359375,1669307.0
2023-03-02,3091.0104395119347,3099.195411560482,3051.464635019518,3054.637451171875,1556538.0
2023-03-03,3084.5729833040723,3088.251663069492,3063.512631458565,3073.6748046875,1043190.0
2023-03-06,3091.838118627816,3131.429952365279,3089.1711657538017,3100.989013671875,1334132.0
2023-03-08,3093.769631883684,3123.199069523481,3063.2826636402224,3118.048828125,1844590.0
2023-03-09,3113.0827998019863,3113.0827998019863,3063.28276151623,3068.80078125,1648500.0
2023-03-10,3046.774295300057,3069.1683469810705,3025.7139445854286,3063.42041015625,1024404.0
2023-03-13,3065.259987545812,3099.103887099542,3009.1601197869472,3018.310791015625,1901233.0
2023-03-14,3016.517446454344,3038.9573035005947,2951.588657947801,2956.69287109375,2670334.0
2023-03-15,2988.9273534129698,2998.4460272576657,2935.5864960289846,2941.93212890625,1780522.0
2023-03-16,2950.301089702708,2961.1532396142297,2917.1929727359693,2929.148681640625,1901060.0
2023-03-17,2897.419956693126,2962.6244613680587,2891.4421024736357,2923.906494140625,6739966.0
2023-03-20,2915.031998513119,2915.031998513119,2846.424749516427,2890.798828125,2289468.0
2023-03-21,2890.7990853366978,2903.168603340547,2848.632121219893,2856.58740234375,1815297.0
2023-03-22,2878.6124937458226,2890.9820076129013,2856.5864470077604,2879.30224609375,1123939.0
2023-03-23,2864.6799461628207,2893.603746811064,2851.896623184191,2873.646728515625,1372218.0
2023-03-24,2895.9488612483124,2915.3539886499057,2856.4951068601285,2869.830322265625,1329577.0
2023-03-27,2883.1651142967976,2899.4892548960856,2856.494687402186,2871.4853515625,1524217.0
2023-03-28,2875.808035994818,2896.546639011127,2860.3115069743058,2865.599609375,1303530.0
2023-03-29,2877.6473103151966,2896.960379511943,2854.747618079145,2886.751953125,1740616.0
2023-03-31,2933.7006960491485,2954.899130296117,2898.7992713020108,2948.369384765625,2382581.0
2023-04-03,2965.8898141068407,2965.8898141068407,2918.8027535438537,2942.944091796875,1521830.0
2023-04-05,2929.608509647277,3002.124572143045,2929.608509647277,2979.546630859375,2655065.0
2023-04-06,2965.935582713961,2995.686995347432,2956.7388832326774,2961.98095703125,1703464.0
2023-04-10,2961.3369067410317,3009.1597387753586,2956.7385575069616,3001.25048828125,2203187.0
2023-04-11,3001.802391344396,3010.0333915987303,2935.7240227895977,2955.635009765625,2348779.0
2023-04-12,2968.648856391725,2998.997967667556,2942.024453678238,2981.248291015625,2417727.0
2023-04-13,2952.140381716384,2970.5337797333086,2924.550284690997,2932.689453125,4174070.0
2023-04-17,2882.337583186008,2909.2837321918887,2823.6165690415223,2887.3037109375,5505048.0
2023-04-18,2901.512804903714,2903.260312610947,2860.725575355622,2879.2568359375,2617302.0
2023-04-19,2879.256929354891,2887.7638770819635,2824.766480400398,2841.41259765625,3298034.0
2023-04-20,2841.7801970094038,2862.9326062428067,2830.744157409367,2855.391357421875,2419999.0
2023-04-21,2860.173416034582,2910.2493976571477,2851.712497780365,2906.938720703125,1929184.0
2023-04-24,2897.9721768285667,2925.424191137801,2875.0262311012816,2919.768310546875,1640676.0
2023-04-25,2927.3092712863568,2934.8505195080106,2894.66099006403,2920.87158203125,2024090.0
2023-04-26,2925.469695766794,2950.668559009048,2925.469695766794,2941.241943359375,2000029.0
2023-04-27,2929.1485910038896,2942.207858497585,2915.951238309832,2931.861572265625,2434446.0
2023-04-28,2943.311592718381,2968.004820473883,2939.4950522704,2960.6474609375,2931312.0
2023-05-02,2975.1325870034434,2975.1325870034434,2952.140835944684,2960.78564453125,2321159.0
2023-05-03,2957.65817854612,2957.65817854612,2918.250236448947,2924.4580078125,2468285.0
2023-05-04,2924.688295728886,2965.429719336731,2922.711095151928,2961.98095703125,1953253.0
2023-05-05,2961.3373105779083,2983.409389911408,2952.186639259988,2971.177734375,1710027.0
2023-05-08,2984.3285190429838,2993.387356439256,2971.7290876125603,2989.478759765625,928235.0
2023-05-09,2991.318795508172,3033.0717245857286,2985.248883567397,3019.506591796875,1107375.0
2023-05-10,3025.713894793873,3040.888447761684,3003.687846149381,3022.77099609375,1559987.0
2023-05-11,3043.18736453678,3043.831088490253,3009.1595819777403,3018.494140625,1719623.0
2023-05-12,3015.7356552073384,3025.71416407058,2998.124065310058,3011.275390625,1027479.0
2023-05-15,3020.1959317271803,3027.553290878769,2987.409789819426,2993.571533203125,1150390.0
2023-05-16,2994.629295895425,3021.11583579998,2989.3411935953186,2996.422607421875,986306.0
2023-05-17,2994.3994756276697,3016.517583915495,2941.334561816381,2950.945068359375,1588815.0
2023-05-18,2966.809158600784,2969.56816838411,2938.3454192418985,2942.805908203125,1369364.0
2023-05-19,2952.140160660033,2974.6720715435754,2945.748500233517,2963.9580078125,1152449.0
2023-05-22,2970.53333185311,3042.681379790665,2958.6236533385822,3033.714599609375,1333243.0
2023-05-23,3040.428754782496,3060.6154646158416,3025.8060928695586,3032.19775390625,1687418.0
2023-05-24,3012.838637267653,3050.728992806165,3012.838637267653,3037.99169921875,1016555.0
2023-05-25,3029.393184640437,3040.4292253859403,3004.654149780799,3028.933349609375,1374917.0
2023-05-26,3028.9330308509448,3070.456039974576,3026.633855937592,3061.4892578125,1791115.0
2023-05-29,3090.8265783111865,3101.126836063768,3045.946643251246,3053.6259765625,1210372.0
2023-05-30,3048.7057671800108,3059.6957777547364,3036.152362656079,3049.809326171875,1344224.0
2023-05-31,3043.1874679377565,3060.3852488556463,3002.859856074551,3025.25390625,5815424.0
2023-06-01,3047.786697479505,3071.698119970292,3032.6121408988133,3056.9833984375,1177314.0
2023-06-02,3059.0521295537624,3067.926854638959,3032.5655904484856,3040.06103515625,2030661.0
2023-06-05,3048.705621878278,3059.741660328517,3021.1615541519814,3024.7021484375,1861468.0
2023-06-06,3016.5168853418268,3024.656052725059,2961.8885900956143,2972.648681640625,2022849.0
2023-06-07,2991.6864655482823,3015.460024506568,2980.65042571226,3011.8271484375,1567196.0
2023-06-08,2999.043762912063,3007.3207926165123,2973.293003831555,2976.4658203125,1759366.0
2023-06-09,2984.3287517440654,2988.92710113042,2947.8639309217856,2951.49658203125,1775689.0
2023-06-12,2956.739032995867,2992.9739409759577,2953.060353017023,2986.076416015625,2324605.0
2023-06-13,2998.124210882047,3002.7225608987374,2978.811140811948,2983.133544921875,1371928.0
2023-06-14,2983.1334023931563,2994.30752711712,2966.7174283351837,2989.89306640625,1658544.0
2023-06-15,3006.8016396344283,3008.793544788029,2974.0958056287536,2979.932861328125,2273810.0
2023-06-16,2962.0513934909677,2964.2749262033685,2924.0644972966825,2941.575439453125,4156189.0
2023-06-19,2955.565360775884,2978.6353572818057,2941.6677180136157,2974.466064453125,1468186.0
2023-06-20,2977.802223474639,2994.942653199057,2965.8039679072785,2990.495361328125,1528452.0
2023-06-21,3011.156084779186,3021.718203335577,2987.020465383,3018.75341796875,1645987.0
2023-06-22,3020.420930552339,3027.508637655328,2992.7183873435865,3000.5009765625,1529603.0
2023-06-23,2999.3898246945278,3010.600456074895,2973.308441549502,2979.9794921875,1119505.0
2023-06-26,2969.4634688796755,2977.709314398041,2939.8151596740126,2955.241455078125,1978803.0
2023-06-27,2966.683911833117,2973.7716202061024,2948.431716890738,2962.375732421875,863542.0
2023-06-28,2972.242812355477,2993.506162547034,2958.7156816452284,2979.145263671875,1575872.0
2023-06-30,2983.3607516063857,3066.7466111233343,2977.894435739723,3059.566162109375,2672406.0
2023-07-03,3070.731280220624,3074.900574055646,3028.5287162730547,3031.81787109375,1687264.0
2023-07-04,3048.2163572037293,3071.379095480353,3036.4497313989277,3065.68115234375,1656681.0
2023-07-05,3076.012191037036,3084.350778301896,3062.114545595604,3075.9658203125,1453008.0
2023-07-06,3063.5501909386862,3083.8406595588453,3059.334527255893,3078.698486328125,1848238.0
2023-07-07,3059.334887238821,3110.200176925749,3059.334887238821,3084.582275390625,1789326.0
2023-07-10,3080.4131662568616,3080.4131662568616,3025.2394676445165,3031.493408203125,1407431.0
2023-07-11,3052.849119462837,3052.849119462837,3021.162536512691,3031.909912109375,1110172.0
2023-07-12,3039.8314402630454,3047.428773276913,3011.2487565769347,3020.328369140625,1515240.0
2023-07-13,3042.6575935366886,3119.974776122977,3032.2343603066984,3095.0517578125,4585146.0
2023-07-14,3117.704626199795,3265.8072677930727,3105.66000208669,3256.356689453125,6306101.0
2023-07-17,3252.0486766783647,3289.016319019273,3221.520230779472,3235.093505859375,2743228.0
2023-07-18,3220.547175757647,3265.0196338808823,3210.355570771072,3239.864990234375,2600090.0
2023-07-19,3242.7838313695074,3258.3956097228456,3192.42794053721,3215.034912109375,2405370.0
2023-07-20,3207.650315621179,3231.6162445859936,3191.812201185396,3217.125244140625,1715404.0
2023-07-21,3162.086290650304,3190.743301408389,3120.2849419514946,3128.87744140625,3770223.0
2023-07-24,3140.6746314391708,3170.818002760362,3132.407344389984,3153.447265625,1680132.0
2023-07-25,3156.0020424597774,3164.641033805337,3139.9316997265278,3157.53466796875,1272980.0
2023-07-26,3158.649818156021,3177.6926576909354,3144.390820765132,3147.456298828125,1066803.0
2023-07-27,3153.632989545926,3169.145888910245,3144.4367836891192,3155.4443359375,1701769.0
2023-07-28,3144.3903763886888,3152.47192520402,3094.228757385738,3116.894287109375,2599831.0
2023-07-31,3125.254883408398,3183.0800891327967,3122.003667022288,3178.249755859375,2743678.0
2023-08-01,3172.2578281403635,3214.0591758025357,3172.2578281403635,3206.67431640625,1956167.0
2023-08-02,3190.789924433808,3201.4260004622265,3170.957642026737,3196.084716796875,1914899.0
2023-08-03,3176.9024561267456,3189.21063084712,3128.59867609207,3158.277587890625,2026351.0
2023-08-04,3159.485492720518,3224.277587720079,3159.485492720518,3198.77880859375,2248493.0
2023-08-07,3208.439353054858,3240.0690865999345,3196.642128515489,3236.39990234375,1853889.0
2023-08-08,3236.3996745458503,3241.880204893452,3210.900898181017,3223.90576171875,1634225.0
2023-08-09,3218.6109063732065,3220.561726717622,3181.5936254249154,3216.381591796875,1794589.0
2023-08-10,3204.770253471881,3218.611054576485,3186.238366493956,3197.431884765625,1096701.0
2023-08-11,3193.7161307988767,3220.236583715237,3171.329094804473,3203.655517578125,1679974.0
2023-08-14,3196.1311156291627,3209.414700848217,3168.5422705045635,3204.630859375,1190425.0
2023-08-16,3204.770170086617,3219.6328723247,3191.0221251590224,3212.572998046875,1328445.0
2023-08-17,3209.414646959475,3214.802421680767,3170.5857934276064,3191.532958984375,1843241.0
2023-08-18,3167.613717061391,3167.613717061391,3117.916551705736,3127.76318359375,2526749.0
2023-08-21,3135.101093018539,3167.3810227911003,3132.3143364914117,3159.856689453125,1375579.0
2023-08-22,3158.3242127535664,3168.54232050071,3125.858543041599,3141.742919921875,1222012.0
2023-08-23,3147.177068102608,3160.181932020387,3136.0300418873685,3156.698486328125,1330046.0
2023-08-24,3165.755676472216,3170.4467623713062,3137.9810915042904,3146.945068359375,1152881.0
2023-08-25,3135.1011349979294,3145.133503987289,3112.110393341278,3140.953369140625,1158046.0
2023-08-28,3152.7508133982506,3152.7508133982506,3121.2605527357937,3135.6123046875,1037485.0
2023-08-29,3140.721516741904,3148.617327956399,3125.812321973633,3136.169677734375,944517.0
2023-08-30,3156.4664040334264,3165.848575584165,3142.579111915721,3149.91748046875,1188200.0
2023-08-31,3159.252744454634,3174.4869216049665,3105.9791621508266,3118.194580078125,3417652.0
2023-09-01,3126.740758299694,3148.105891229252,3118.194750485235,3139.00244140625,1277950.0
2023-09-04,3137.888061684127,3188.839354347761,3130.5032017453477,3175.50927734375,1828332.0
2023-09-05,3176.902652296802,3201.983462709672,3163.108115854988,3185.588134765625,1501842.0
2023-09-06,3189.907535196781,3199.103741686018,3156.5594370607423,3186.098876953125,1314818.0
2023-09-07,3186.934708895865,3214.059092877233,3179.0388989856174,3209.646728515625,1885092.0
2023-09-08,3209.647742818106,3218.704704106718,3190.883622223693,3197.24658203125,1518917.0
2023-09-11,3215.917208433736,3237.9325408464088,3200.1255872484758,3233.241455078125,1783604.0
2023-09-12,3243.7846648081127,3334.725730646849,3235.424395053453,3326.272705078125,4476016.0
2023-09-13,3317.26215028344,3333.7504596439576,3293.017277917469,3314.2431640625,1754929.0
2023-09-14,3316.28699181143,3341.9715088947505,3293.574969875399,3306.997802734375,2604721.0
2023-09-15,3314.243274416184,3350.935569707804,3309.226976456116,3342.52880859375,2952897.0
2023-09-18,3325.5761535614656,3362.036220389306,3321.11729748375,3349.82080078125,1395753.0
2023-09-20,3325.529160012866,3367.3305042029724,3325.529160012866,3349.7275390625,1649396.0
2023-09-21,3333.4723559206145,3348.7530282650328,3277.226264554517,3330.453369140625,2004073.0
2023-09-22,3329.2451265027385,3375.4588388474685,3311.6421598212573,3347.498291015625,1989083.0
2023-09-25,3346.430510265966,3362.686591856432,3305.697323680257,3322.88232421875,1238778.0
2023-09-26,3314.0114097379874,3339.4172075080314,3284.6574795566185,3330.82470703125,1726062.0
2023-09-27,3334.8186548656413,3357.1127071544365,3302.9566931122054,3334.16845703125,1541134.0
2023-09-28,3344.108374346152,3346.7093928835707,3276.622500228605,3285.354248046875,1755753.0
2023-09-29,3285.771769304992,3314.8004838838106,3256.371577894297,3277.783203125,2243791.0
2023-10-03,3282.9851507659523,3282.9851507659523,3232.7307740458355,3264.081787109375,1948148.0
2023-10-04,3238.4898845941034,3295.8041332105504,3230.12961480862,3286.28271484375,1788138.0
2023-10-05,3301.3779563539,3366.4022830125305,3298.776937930184,3334.21533203125,2990768.0
2023-10-06,3335.748014629831,3376.573957922691,3320.931802445196,3363.987060546875,2075691.0
2023-10-09,3385.955889020274,3417.492640385133,3372.904533090084,3379.732177734375,4233074.0
2023-10-10,3381.311194805018,3388.6960545006336,3345.362079715791,3370.95361328125,1848148.0
2023-10-11,3390.553690446803,3390.553690446803,3348.752343578281,3353.303955078125,2426417.0
2023-10-12,3320.8853185860926,3333.5649718150416,3286.608299299206,3290.741943359375,4241281.0
2023-10-13,3279.0836028382487,3322.742789618248,3274.439008499951,3317.030029296875,2890357.0
2023-10-16,3312.52474247652,3320.559800113557,3268.958537503607,3273.556640625,1671104.0
2023-10-17,3279.0840262676807,3282.9389493515223,3254.3284259625857,3257.765380859375,1672065.0
2023-10-18,3261.4343833171283,3272.3026895076964,3236.353572052656,3239.37255859375,1408245.0
2023-10-19,3231.223125172474,3238.0684358855883,3214.8317596869083,3218.32421875,1514545.0
2023-10-20,3213.434955097758,3259.162979261024,3207.5211938456205,3254.552978515625,1481211.0
2023-10-23,3234.4829267293885,3240.0242499313185,3167.7071513442,3175.94921875,1106272.0
2023-10-25,3157.6488052225827,3189.779430139314,3145.2621710118374,3157.2763671875,1518537.0
2023-10-26,3136.740771569839,3142.002652711776,3101.3039051963924,3107.59033203125,1984471.0
2023-10-27,3119.930230546944,3131.1061000295,3107.8230386075074,3120.81494140625,1108851.0
2023-10-30,3119.930471716636,3150.5245077395016,3104.796480622488,3146.519775390625,910972.0
2023-10-31,3165.5648365752554,3165.5648365752554,3119.97665058474,3137.392333984375,999811.0
2023-11-01,3124.587219335214,3140.0472649317667,3083.609026294752,3101.909423828125,1563475.0
2023-11-02,3113.5971840186144,3144.0979943996585,3113.5971840186144,3129.336669921875,1245384.0
2023-11-03,3149.732283319998,3155.2269944023587,3114.6214751338234,3120.76806640625,1402598.0
2023-11-06,3143.213096467994,3159.325019444616,3128.311938084739,3148.1025390625,1099852.0
2023-11-07,3146.0071156404942,3170.361105826031,3134.8312466684147,3138.9755859375,1191144.0
2023-11-08,3139.907272278595,3168.312609208247,3138.137850435721,3149.313720703125,992899.0
2023-11-09,3157.276460496739,3158.5802210317074,3112.526369431392,3117.555419921875,2112352.0
2023-11-10,3108.754408421209,3117.5553602980613,3094.179302698473,3104.516845703125,1338557.0
2023-11-13,3125.518348524688,3125.518348524688,3098.509995691787,3102.74755859375,1030990.0
2023-11-15,3150.757229249606,3178.603680948949,3125.564910241424,3170.501220703125,2059802.0
2023-11-16,3194.482515095088,3286.962876959751,3179.7209637752344,3257.626220703125,3951984.0
2023-11-17,3257.6264533729463,3282.446106711715,3252.6903987151904,3261.910400390625,2021292.0
2023-11-20,3251.4797282683567,3291.200542556456,3251.4797282683567,3277.8828125,1475621.0
2023-11-21,3277.8824969038105,3295.9966725893887,3260.55980885504,3269.1279296875,1807236.0
2023-11-22,3259.6287255971747,3290.036314045069,3242.0268214284124,3287.7080078125,1798051.0
2023-11-23,3287.568029516364,3300.606542947873,3259.628357877414,3267.311767578125,2729804.0
2023-11-24,3254.273341378371,3263.8660077062705,3215.8562918450352,3219.6748046875,1989733.0
2023-11-28,3219.6747935926865,3242.166138837972,3197.229832568979,3231.828369140625,1689195.0
2023-11-29,3241.9335153053853,3276.392446666,3237.090683940245,3272.434326171875,1441634.0
2023-11-30,3259.11635705978,3275.135057994798,3241.9335030426573,3248.080322265625,3266235.0
2023-12-01,3259.628212955788,3275.4140812552355,3250.361601082252,3270.47802734375,1172141.0
2023-12-04,3301.212171500063,3304.1459737662194,3257.766068313779,3271.2236328125,1625213.0
2023-12-05,3295.0184775652083,3295.0184775652083,3262.235976287446,3289.05810546875,1377656.0
2023-12-06,3289.989790276004,3364.728417171479,3283.051256098317,3356.579345703125,1896572.0
2023-12-07,3357.417206346076,3381.212538817236,3345.030573119782,3366.63720703125,1967653.0
2023-12-08,3383.494818936944,3394.670689519725,3354.6704315335883,3377.62744140625,1641155.0
2023-12-11,3374.0881498547355,3402.12104768493,3366.7307931511145,3392.714599609375,1102503.0
2023-12-12,3389.0359467038065,3444.4030235404603,3381.6319783454765,3419.909423828125,2236866.0
2023-12-13,3393.3200297320063,3399.327014186455,3318.301959327764,3346.75390625,3850968.0
2023-12-14,3380.7008135779533,3425.4042954103893,3378.4657304357984,3415.392578125,3290396.0
2023-12-15,3414.8801739559026,3628.385857623635,3414.8801739559026,3595.836181640625,8531230.0
2023-12-18,3593.135349665333,3659.166022522657,3567.1047044603515,3594.15966796875,2521612.0
2023-12-19,3580.934925794031,3590.341373765734,3529.7121895342984,3554.11279296875,2004435.0
2023-12-20,3564.403931855312,3631.040100218342,3507.872703265474,3520.445556640625,2586083.0
2023-12-21,3498.27996242007,3545.26513467688,3486.2659937315334,3527.3837890625,1517562.0
2023-12-22,3539.025700142194,3581.8199259626003,3503.635443140772,3561.37744140625,2413058.0
2023-12-26,3557.51228537649,3570.6904075901484,3529.8518256722914,3534.881103515625,1285231.0
2023-12-27,3538.093966340341,3555.97531179842,3509.2229705634127,3549.4560546875,1293976.0
2023-12-28,3561.377091167723,3574.4156056228358,3531.6679956087487,3538.93212890625,1682889.0
2023-12-29,3531.574901565644,3560.0734608663474,3506.8016322454937,3532.878662109375,1574996.0
2024-01-01,3529.71204270318,3568.8275851289145,3513.8795612451445,3549.363037109375,825907.0
2024-01-02,3549.3629379884974,3549.3629379884974,3508.5243592421702,3523.37890625,1344068.0
2024-01-03,3508.29173242333,3512.808737336753,3433.83254667766,3438.209716796875,1803075.0
2024-01-04,3447.5230645740226,3463.5883776999503,3400.2584476962943,3414.973388671875,3598144.0
2024-01-05,3422.6100928660567,3490.3638028676905,3422.4704854443794,3481.190185546875,1963127.0
2024-01-08,3481.190526365964,3482.913564061476,3420.1888983303925,3425.683837890625,1067805.0
2024-01-09,3455.1598780853456,3494.648088677372,3429.8279514524115,3436.48681640625,1370944.0
2024-01-10,3436.580332262167,3473.13474365547,3434.7176870956287,3458.04736328125,1292227.0
2024-01-11,3468.244888948058,3513.879690118427,3452.412406909358,3479.001708984375,1777909.0
2024-01-12,3583.728848728073,3637.0470599000287,3559.142026578151,3616.138916015625,6813450.0
2024-01-15,3688.037055740898,3692.693668185015,3618.1878690791377,3635.69677734375,2801505.0
2024-01-16,3631.2262899610105,3631.2262899610105,3590.760374343459,3596.115478515625,1432672.0
2024-01-17,3556.7205834939423,3641.424318346201,3550.713598917996,3617.8154296875,3458696.0
2024-01-18,3630.294683469867,3640.35301077668,3596.767077362911,3634.578857421875,2239110.0
2024-01-19,3699.6631577031208,3717.059591726697,3671.575773438078,3697.83447265625,2941975.0
2024-01-23,3657.4617018928593,3689.253392795468,3603.772039730458,3618.30810546875,2618854.0
2024-01-24,3638.70542557381,3642.12834296067,3568.932402810829,3602.881103515625,2657709.0
2024-01-25,3601.0993927441014,3620.887291071968,3543.7054208683003,3573.34033203125,2205154.0
2024-01-29,3564.431380113515,3582.437301912737,3545.7221002052784,3564.618896484375,1646747.0
2024-01-30,3570.667580091148,3608.508336345958,3551.4893955843795,3564.19677734375,1411621.0
2024-01-31,3574.184071078628,3595.566200692752,3560.351363342525,3578.638671875,2459358.0
2024-02-01,3582.437231884919,3662.0572766858727,3568.417006310839,3614.46337890625,2363107.0
2024-02-02,3634.063444426215,3736.612908383376,3631.2030759637855,3719.638671875,2826510.0
2024-02-05,3735.300087307631,3771.8747052852855,3715.699934897556,3726.203369140625,1691523.0
2024-02-06,3748.4294655539775,3891.820633736524,3741.864790482955,3878.78515625,4474396.0
2024-02-07,3894.727769863765,3896.603391231385,3820.593789517031,3829.4560546875,2124267.0
2024-02-08,3835.645873326092,3899.417002760364,3831.9415667460817,3877.00341796875,2345173.0
2024-02-09,3879.300567921934,3924.503225662895,3845.0237708866407,3876.628173828125,2100596.0
2024-02-12,3873.1582239962727,3900.917512535836,3850.228569019777,3864.436767578125,1013716.0
2024-02-13,3868.891392141469,3910.6706762721783,3827.67442810669,3891.445556640625,1257415.0
2024-02-14,3851.5884779156377,3858.997090733716,3797.6643636034514,3845.11767578125,1391283.0
2024-02-15,3871.2826692770527,3888.444422362778,3829.081186690457,3848.025146484375,1091582.0
2024-02-16,3857.450096117476,3889.992312550588,3845.117976246369,3871.56396484375,1307556.0
2024-02-19,3866.640503768057,3871.56401029997,3802.822664172948,3848.587646484375,772291.0
2024-02-20,3828.236868254403,3843.147965703713,3760.620630178596,3779.986328125,1193648.0
2024-02-21,3763.434169375059,3810.653027573639,3733.049195648449,3743.271240234375,1885939.0
2024-02-22,3724.046353803967,3840.287946278356,3724.046353803967,3832.92626953125,2982052.0
2024-02-23,3873.1581442686033,3873.1581442686033,3794.7570791114713,3800.102783203125,2538072.0
2024-02-26,3785.003977166394,3798.133326938528,3735.065557497388,3752.2275390625,1379284.0
2024-02-27,3750.3049902620937,3867.5313277921664,3750.3049902620937,3849.150146484375,2960475.0
2024-02-28,3840.8976823678586,3896.509674983892,3834.708040023188,3862.795654296875,1939225.0
2024-02-29,3844.0858367320416,3880.754324562056,3811.778305779147,3840.428466796875,3772719.0
2024-03-01,3851.776056001576,3882.536061925083,3832.644581510238,3839.72509765625,2043265.0
2024-03-04,3849.712426845909,3861.810091732104,3822.422047413583,3826.923583984375,1749271.0
2024-03-05,3809.387240696813,3811.2628621841086,3732.486759717704,3762.590576171875,2070859.0
2024-03-06,3745.663225699868,3818.7655308738495,3712.277070045293,3811.54443359375,1744204.0
2024-03-07,3812.200473461429,3867.5313044415575,3786.598195707899,3853.089111328125,2688905.0
2024-03-11,3834.70805162123,3894.7279379757806,3834.70805162123,3865.984130859375,2304068.0
2024-03-12,3865.984229655007,3966.8927577504014,3864.764800933032,3931.537109375,4039801.0
2024-03-13,3943.493961270788,3977.255146194866,3874.939908077988,3890.9765625,2837260.0
2024-03-14,3895.149774481845,3962.2499424114544,3831.894263832711,3945.93212890625,2919608.0
2024-03-15,3931.8648606659913,3975.3791814488654,3917.2349235460974,3956.857421875,3373143.0
2024-03-18,3953.106408331295,3990.149929624002,3861.76374108121,3894.2587890625,1526904.0
2024-03-19,3799.305646190008,3805.6358684946754,3719.9200610190014,3729.95458984375,8931209.0
2024-03-20,3738.113425638154,3768.123367840969,3713.917863945596,3723.952392578125,1817913.0
2024-03-21,3741.911899853093,3759.120590067604,3702.476911275549,3725.875244140625,3829582.0
2024-03-22,3654.648117247432,3693.0983540468014,3615.2600697944185,3667.68359375,5852485.0
2024-03-26,3634.016313190079,3701.257291825828,3630.68703955033,3636.36083984375,3440925.0
2024-03-27,3646.676991310757,3652.772761001774,3591.252286075508,3602.037109375,1968575.0
2024-03-28,3610.665001604127,3671.528823337685,3601.661927465741,3635.235595703125,4311783.0
2024-04-01,3655.304825869685,3688.690979343402,3646.255043934656,3673.170166015625,1569676.0
2024-04-02,3648.0836677291272,3666.6993019354495,3632.140885633653,3642.269287109375,2142666.0
2024-04-03,3611.509094088183,3733.424488071944,3611.509094088183,3701.8203125,3973090.0
2024-04-04,3728.6412532864,3778.110764828909,3690.519342135764,3754.33740234375,3394637.0
2024-04-05,3730.6111838217394,3753.118641944344,3714.19949560734,3731.783447265625,1636819.0
2024-04-08,3735.299831392985,3781.8620387375217,3713.7301863711327,3725.499755859375,2302538.0
2024-04-09,3736.237662579727,3766.1070236289543,3680.953770065772,3701.11669921875,1876992.0
2024-04-10,3710.3542591400274,3742.052307422326,3674.342418899285,3736.847412109375,2101965.0
2024-04-12,3724.046310208573,3763.76268515537,3700.132137226876,3752.5556640625,4354821.0
2024-04-15,3752.555521752734,3811.450077595125,3675.326950485817,3696.099365234375,4200329.0
2024-04-16,3659.33739612377,3684.37689632826,3622.622198353119,3631.953369140625,3051420.0
2024-04-18,3635.704595429841,3691.2229435040135,3610.571222685582,3621.824951171875,3476284.0
2024-04-19,3599.3174326502835,3612.9626239981167,3564.5245644253832,3588.251220703125,2957749.0
2024-04-22,3598.3795176848757,3636.829754907987,3574.9342510854167,3624.26318359375,1728883.0
2024-04-23,3635.938809881825,3652.772465181433,3620.5118705508353,3633.73486328125,1807586.0
2024-04-24,3648.083452943258,3655.585938193527,3586.6099186323318,3592.799560546875,1317312.0
2024-04-25,3574.184039233437,3632.7502707587055,3573.996522887852,3612.63427734375,2856271.0
2024-04-26,3615.400944510773,3635.7046841917695,3566.07223748283,3583.703125,2039178.0
2024-04-29,3599.3174341023114,3636.642345416849,3581.68654730996,3629.514892578125,1110693.0
2024-04-30,3631.2035529581935,3640.347208599036,3573.0592811907845,3583.046875,2203078.0
2024-05-02,3543.095825813969,3630.359158838628,3543.095825813969,3623.044189453125,2491044.0
2024-05-03,3648.22448960654,3651.460119941865,3561.4302856696127,3604.3818359375,2962234.0
2024-05-06,3613.384813638277,3694.9274124213134,3613.384813638277,3677.202880859375,2053831.0
2024-05-07,3686.346216935469,3739.988941315255,3670.12204659911,3731.501708984375,2062112.0
2024-05-08,3714.667699494161,3736.5187317533055,3693.660834129821,3729.625732421875,1247685.0
2024-05-09,3715.606318089679,3724.0466151272376,3666.887093758869,3713.918212890625,1726486.0
2024-05-10,3716.1689930361385,3726.484911351382,3643.4417231221314,3651.7412109375,1672489.0
2024-05-13,3642.925600436705,3709.041253630369,3629.327345524533,3702.2890625,931326.0
2024-05-14,3691.222770938554,3700.413361230903,3650.8030397651737,3658.5869140625,1058317.0
2024-05-15,3661.6818959693137,3682.735700495232,3634.485385536964,3639.08056640625,1115021.0
2024-05-16,3675.637702384871,3693.0187445265583,3630.67337116967,3684.942138671875,2599399.0
2024-05-17,3701.992673680125,3702.937300542508,3617.920882928012,3621.7939453125,2765804.0
2024-05-21,3618.487832180219,3631.854210333012,3599.0757035999536,3608.66357421875,1908117.0
2024-05-22,3622.644183451547,3628.548101612322,3606.160490071024,3619.810302734375,1311168.0
2024-05-23,3628.264993153404,3688.768398021241,3613.6705522740735,3677.85791015625,2095742.0
2024-05-24,3663.4993323947815,3668.742057896385,3631.429294761055,3636.34130859375,1309452.0
2024-05-27,3641.536837624862,3691.93277690012,3628.642772199506,3634.027099609375,1841538.0
2024-05-28,3644.370789338661,3655.706312789169,3617.921234620806,3627.27294921875,1801993.0
2024-05-29,3635.774396680819,3635.774396680819,3589.582233347775,3593.030029296875,1568095.0
2024-05-30,3567.8558516313005,3584.2922676744465,3509.714018991741,3529.220703125,2919230.0
2024-05-31,3532.9040128527063,3542.1614010428225,3451.429956406571,3467.677490234375,10956800.0
2024-06-03,3526.103296774428,3543.815050940118,3491.3409811408733,3497.811767578125,2156773.0
2024-06-04,3495.1194153242764,3537.627624429572,3392.6274000370645,3509.288818359375,3395997.0
2024-06-05,3510.23347219526,3574.2792205302862,3495.119442175044,3538.997314453125,2799670.0
2024-06-06,3571.63435096414,3627.2727837806888,3534.321587974697,3618.298828125,4328036.0
2024-06-07,3624.8168128885054,3698.214276152929,3624.8168128885054,3678.329833984375,4552445.0
2024-06-10,3679.321494112552,3689.617834286387,3629.161717309955,3645.031494140625,1734661.0
2024-06-11,3632.0901763711736,3665.104838091855,3628.311669035547,3638.797119140625,1419898.0
2024-06-12,3659.862044439457,3677.9045088776033,3615.511861543188,3619.479248046875,2177001.0
2024-06-13,3643.23713885556,3674.598706369105,3638.702883530537,3663.40478515625,1932323.0
2024-06-14,3673.6538756786167,3673.6538756786167,3616.031636949793,3619.857421875,1860730.0
2024-06-18,3614.189809874109,3629.256562858962,3584.90637586874,3603.84619140625,1774045.0
2024-06-19,3615.701009861556,3621.557881055292,3582.9225030243783,3591.18798828125,1509050.0
2024-06-20,3585.8038156912176,3598.9813152014426,3570.737062326571,3577.538330078125,2846526.0
2024-06-21,3615.08724810415,3663.074342099871,3587.7403447033967,3599.737060546875,4642195.0
2024-06-24,3597.8473681995324,3643.425611853127,3581.3636764636767,3605.45166015625,1702154.0
2024-06-25,3605.6408753024607,3634.5935975227,3582.8752747763524,3625.903076171875,1338808.0
2024-06-26,3631.6177489916463,3652.82457462301,3628.311555176724,3642.33935546875,1639845.0
2024-06-27,3618.865541478185,3723.7191241208575,3606.679947095457,3716.3037109375,4526556.0
2024-06-28,3700.858893699783,3740.722098218055,3682.013635314176,3687.964599609375,2731571.0
2024-07-01,3668.9307461619287,3780.113282123888,3668.9307461619287,3757.91455078125,2658723.0
2024-07-02,3772.4619129298726,3800.61160880511,3762.0237400230303,3794.94384765625,2307449.0
2024-07-03,3797.399960989219,3803.162277059337,3735.9992153513335,3745.681640625,1821198.0
2024-07-04,3778.366117575305,3823.2358967427767,3761.598989570618,3798.297607421875,2518001.0
2024-07-05,3787.953922306711,3803.776423104376,3767.172130214255,3789.654296875,1668616.0
2024-07-08,3799.289284450672,3808.027083028784,3757.77297949308,3772.083984375,1758882.0
2024-07-09,3764.337989310372,3785.072502499781,3754.986275763812,3764.810302734375,1305801.0
2024-07-10,3763.110215438961,3781.624995321451,3685.9342421919528,3692.688232421875,2669716.0
2024-07-11,3713.328684454912,3759.615406799936,3679.8889813768274,3706.432861328125,4872189.0
2024-07-12,3759.614896256505,3967.38575824932,3751.396688713167,3952.271728515625,13509164.0
2024-07-15,4001.1568074411057,4005.2185190832793,3926.861524171204,3938.339111328125,4848030.0
2024-07-16,3940.982900545559,3962.2840497986936,3915.383422725233,3947.075927734375,2029521.0
2024-07-18,3929.647706117255,4085.51113676854,3929.647706117255,4076.584228515625,5613364.0
2024-07-19,4087.804118951557,4126.955252351664,4057.363922028097,4073.601806640625,3903354.0
2024-07-22,4071.282819315056,4090.219237805453,4038.191243077126,4059.352783203125,1896386.0
2024-07-23,4055.234341117392,4129.749338708775,4039.422245498756,4073.555419921875,2365208.0
2024-07-24,4059.494423388743,4108.350472060897,4041.126191230436,4077.247314453125,1809793.0
2024-07-25,4066.595968869741,4112.043374342557,4046.902278090819,4092.633544921875,2810342.0
2024-07-26,4118.671036198701,4187.268397348249,4106.409520256929,4154.50830078125,3552210.0
2024-07-29,4180.21383187482,4195.362964674367,4138.553716676068,4148.11669921875,1746803.0
2024-07-30,4157.585227320139,4164.118198879963,4097.177778242139,4133.20458984375,1797906.0
2024-07-31,4118.670902108038,4179.267439518362,4113.936797622856,4152.14111328125,2330091.0
2024-08-01,4165.443616342355,4184.285259071731,4132.920227203137,4163.26611328125,2202244.0
2024-08-02,4132.872913485503,4164.11800080395,4042.9249348414887,4055.28076171875,2811282.0
2024-08-05,4013.5736879846177,4013.5736879846177,3891.907205581687,3934.087890625,2787771.0
2024-08-06,3949.1424451879575,4031.799717033467,3939.531844107783,3949.379150390625,2203067.0
2024-08-07,4003.1584593448297,4019.2072572996026,3957.994920939523,3977.07373046875,1237666.0
2024-08-08,3958.657803185393,4006.945664453619,3938.7745661925937,3950.656982421875,2441283.0
2024-08-09,3992.743507403746,4027.444398945124,3981.902223791584,4003.86865234375,1302536.0
2024-08-12,4005.051951129163,4013.573338259225,3963.7233160113306,3972.528564453125,936912.0
2024-08-13,3988.956299705632,4008.839537848005,3960.551673787956,3973.760009765625,1495593.0
2024-08-14,3985.168737449799,4077.1999039105713,3965.42743135513,4066.83203125,3226545.0
2024-08-16,4118.670675923561,4191.575880991633,4095.09492934504,4181.2080078125,3457058.0
2024-08-19,4185.894947757169,4255.249574521071,4156.87498137627,4251.2255859375,2055210.0
2024-08-20,4265.427758595415,4322.237007322546,4260.693654534821,4282.75439453125,2212298.0
2024-08-21,4277.737064489385,4317.503544504559,4253.640286316128,4309.45556640625,1896990.0
2024-08-22,4317.5030108146375,4318.402675534502,4258.042847258311,4262.58740234375,1829872.0
2024-08-23,4260.693506184104,4266.374430859017,4218.086571122263,4226.51318359375,1809253.0
2024-08-26,4250.278746663329,4310.0703901887255,4246.491463306979,4263.013671875,1844164.0
2024-08-27,4265.428242149461,4270.162346746741,4248.1959164894,4257.99560546875,930697.0
2024-08-28,4259.509780281284,4319.869602119113,4220.263875901587,4266.42138671875,1848058.0
2024-08-29,4222.820592184166,4313.71538519979,4222.820592184166,4271.86572265625,2133641.0
2024-08-30,4260.693828489569,4348.038051973605,4249.14242918416,4311.58544921875,3637222.0
2024-09-02,4332.652011694428,4344.013861375445,4272.055480062339,4280.6240234375,1216500.0
2024-09-03,4280.62427113772,4313.621070625351,4256.811818932973,4272.38720703125,1717263.0
2024-09-04,4238.870348246334,4248.385714117528,4200.760804008931,4241.0478515625,1265505.0
2024-09-05,4242.703622965008,4259.746395831193,4217.281394309991,4237.92236328125,1688793.0
2024-09-06,4236.029155230157,4278.636091754635,4203.884403748528,4219.74365234375,1649179.0
2024-09-09,4218.086627772867,4251.462060686222,4194.889518372097,4212.92626953125,1184938.0
2024-09-10,4206.204473662924,4298.5195066181295,4204.310831961278,4268.12646484375,1385591.0
2024-09-11,4281.003340307267,4307.419549702135,4233.4727484543055,4241.14208984375,1325919.0
2024-09-12,4270.398636628928,4291.5601745835365,4195.646947382415,4277.45263671875,2742216.0
2024-09-13,4289.098667337487,4305.194622601226,4265.428144890812,4282.09228515625,1458786.0
2024-09-16,4286.257554903444,4304.294305347718,4255.43872427556,4273.23876953125,1155120.0
2024-09-17,4273.239388269134,4294.590014445038,4228.502101148829,4266.04345703125,1699364.0
2024-09-18,4257.900566019319,4257.900566019319,4091.2129384450927,4115.025390625,2961779.0
2024-09-19,4156.590712046438,4187.031372404745,4054.097354431545,4067.684326171875,2927551.0
2024-09-20,4087.330983142617,4100.397388735434,4002.685288545634,4057.03271484375,5447908.0
2024-09-23,4071.3297402117255,4080.229763925027,4026.8291593303416,4041.5048828125,1702319.0
2024-09-24,4025.55058123155,4062.808072353835,4014.520211321431,4044.155517578125,3012026.0
2024-09-25,4026.2141547688016,4061.4832351175246,4014.520823586175,4047.4228515625,2713073.0
2024-09-26,4033.456837871287,4087.2360774502895,4033.456837871287,4064.228515625,3964251.0
2024-09-27,4104.468096209772,4145.181389897665,4071.376524902631,4079.56689453125,3012477.0
2024-09-30,4058.926294354151,4070.146214124455,4033.504061536598,4041.5048828125,2503416.0
2024-10-01,4029.243299789114,4067.305683040906,4017.3137268821633,4059.873046875,1823365.0
2024-10-03,4035.918701068768,4051.446470751229,3986.1158312368952,4007.656005859375,3350119.0
2024-10-04,4000.318271301223,4069.436196462167,3999.4186065272825,4026.119140625,2965463.0
2024-10-07,4046.618000517575,4068.726362353052,4004.4844678804902,4045.6240234375,1472619.0
2024-10-08,4045.386749254377,4051.8249459382696,3980.3875920827622,4027.065673828125,1541867.0
2024-10-09,4033.457129138987,4066.5958614206456,4020.8645957979184,4026.7822265625,1082504.0
2024-10-10,4027.065497608203,4065.506513883053,3975.3218342504942,4002.590087890625,2378875.0
2024-10-11,3922.6788421196575,4016.3669515997326,3893.7536496314738,3928.54931640625,5759183.0
2024-10-14,3919.837957643063,3943.887112553077,3902.984732992653,3916.666015625,2137590.0
2024-10-15,3911.364513033613,3948.196217957897,3877.231802603329,3897.872314453125,2759474.0
2024-10-16,3867.763017042655,3896.167641402821,3850.909560357471,3877.183837890625,2359151.0
2024-10-17,3894.0845506582914,3910.322897852932,3875.290295751956,3890.48681640625,2522659.0
2024-10-18,3881.944405297675,3935.237999249101,3872.453098683255,3913.31298828125,2361000.0
2024-10-21,3922.37743300902,3929.353636003749,3862.961761386138,3872.310791015625,1595450.0
2024-10-22,3859.165475968124,3881.75483326371,3802.549921671549,3811.234375,1928049.0
2024-10-23,3796.143121407225,3904.2962832162098,3791.919304547543,3859.402587890625,1966476.0
2024-10-24,3800.3195802607424,3871.504387583309,3800.3195802607424,3841.986328125,2676744.0
2024-10-25,3850.6711865496654,3883.843261907162,3827.559758712666,3851.145751953125,1759676.0
2024-10-28,3861.965606057276,3923.706609082937,3844.928755054421,3882.751708984375,1532534.0
2024-10-29,3887.496763644427,3894.757520238166,3853.56534379588,3867.944580078125,1445885.0
2024-10-30,3867.7074369038137,3898.0796180034263,3853.517979890609,3876.866455078125,1935002.0
2024-10-31,3862.9619045386735,3870.839735602275,3758.5575287403312,3766.57763671875,3740372.0
2024-11-01,3786.889338989994,3795.526289607496,3773.791288560614,3781.526611328125,154895.0
2024-11-04,3764.537107910096,3788.834714578836,3714.185678383496,3762.496337890625,2269192.0
2024-11-05,3740.61911840681,3783.234994421101,3740.61911840681,3769.330322265625,967590.0
2024-11-06,3799.9398000465167,3938.702431666096,3773.031851752117,3929.06884765625,3792017.0
2024-11-07,3957.59051749281,3991.8537654616457,3877.246463642715,3939.74658203125,3724349.0
2024-11-08,3943.637967299403,3957.6376448006463,3908.187843785678,3936.044921875,1648039.0
2024-11-11,3918.201520379155,4018.903916361986,3908.18791348152,3985.115234375,1406487.0
2024-11-12,4001.534781984057,4003.4330432658335,3952.512277070728,3983.880859375,1587640.0
2024-11-13,3965.5629857379695,3983.264180226701,3920.906109190261,3939.224609375,1098813.0
2024-11-14,3924.655300859059,3948.383567490613,3907.049112395529,3935.000732421875,1825432.0
2024-11-18,3998.687547983852,3998.687547983852,3787.221186498161,3815.03076171875,3313944.0
2024-11-19,3815.410234576719,3921.950150802377,3809.905462144368,3834.060791015625,1776233.0
2024-11-21,3839.138604239488,3884.2698145282143,3819.301865667481,3865.6669921875,2384347.0
2024-11-22,3863.910762939723,4038.50352626884,3847.7755423624753,4028.679931640625,3096553.0
2024-11-25,4062.2796558913474,4107.932938170639,4035.89400612037,4095.59423828125,4052167.0
2024-11-26,4101.241378290607,4144.474563456407,4090.7536685314544,4131.28173828125,2060669.0
2024-11-27,4137.213672581404,4154.724856872267,4104.088638616241,4112.15625,1558993.0
2024-11-28,4099.2955217974695,4119.179995477792,4017.670281030027,4028.96484375,2558544.0
2024-11-29,4005.331099119542,4080.027862103414,3982.219676510733,4053.594482421875,2017425.0
2024-12-02,4052.7879830735096,4070.0623467391047,4014.87002722247,4059.099609375,1670944.0
2024-12-03,4094.88232378746,4104.990473536637,4048.469923029549,4083.872314453125,2010905.0
2024-12-04,4094.122450368391,4163.789012881952,4070.8687487593297,4132.89453125,3302642.0
2024-12-05,4176.933797590591,4260.647302659025,4138.209454130842,4236.96630859375,3746747.0
2024-12-06,4226.4788315167725,4237.868399443609,4188.276322428843,4219.3603515625,1842087.0
2024-12-09,4205.076018232145,4242.044378496654,4190.933600979431,4225.671875,2066639.0
2024-12-10,4200.995479380061,4265.204089616263,4187.66037612314,4207.06982421875,2087828.0
2024-12-11,4206.404597631399,4222.349806544079,4182.818609222603,4202.228515625,1635256.0
2024-12-12,4204.696838041356,4256.851762402647,4200.853043566135,4228.33056640625,1914642.0
2024-12-13,4209.347553772588,4266.247663475759,4170.8600242636485,4246.31591796875,1967048.0
2024-12-16,4232.1742831770125,4247.36037614199,4173.328172937727,4190.6025390625,1646224.0
2024-12-17,4185.666159565598,4207.44889332409,4098.346139910261,4108.31201171875,3225027.0
2024-12-18,4092.367238744104,4140.108330075579,4071.391356487772,4126.67822265625,1575404.0
2024-12-19,4064.177621267067,4142.006337975124,4045.1950074358338,4054.59130859375,3015763.0
2024-12-20,4108.786899056221,4159.090827365295,3941.265326479778,3958.15966796875,4116989.0
2024-12-23,3986.39622640784,4002.484177211474,3905.577839682215,3946.77001953125,2195338.0
2024-12-24,3946.77033195685,4003.43362482616,3946.77033195685,3966.89208984375,1181886.0
2024-12-26,3966.891618190096,3986.301525685132,3932.3906257955578,3957.020751953125,1208464.0
2024-12-27,3951.2313201079583,3968.26840248144,3936.282510765729,3952.9873046875,858100.0
2024-12-30,3939.8413510297137,3985.684176313855,3902.825255464751,3947.244384765625,1527169.0
2024-12-31,3924.655496583325,3929.353878987766,3826.942536065869,3886.50048828125,1555429.0
2025-01-01,3886.1205985527295,3923.706266508262,3877.625925234388,3903.252685546875,763161.0
2025-01-02,3910.4187239006474,3970.21396166903,3888.541445300585,3963.332763671875,1720835.0
2025-01-03,3967.31925896288,3967.31925896288,3884.1278097948166,3891.341064453125,1791953.0
2025-01-06,3896.656302584134,3938.560332599053,3859.545197490021,3886.6904296875,2085593.0
2025-01-07,3905.625366773448,3929.733192676256,3807.48511819948,3823.383056640625,2669054.0
2025-01-08,3829.647581088129,3916.113485341044,3813.3700813691175,3899.40869140625,2181277.0
2025-01-09,3892.3851104960186,3927.2656647049257,3820.535960823577,3833.396728515625,2392472.0
2025-01-10,3986.349083813728,4078.41476503514,3957.875161786487,4048.659423828125,7894300.0
2025-01-13,4029.059680834685,4103.044601693763,4012.3548884093498,4072.814697265625,4003771.0
2025-01-14,4083.1605246383615,4094.4550879803073,4004.4299428133854,4017.7177734375,3441709.0
2025-01-15,4003.4334017642514,4039.9276635514543,3993.4202579833054,4033.426025390625,1653474.0
2025-01-16,4043.297121528325,4075.567568038176,3978.6139515802215,3992.32861328125,2637705.0
2025-01-17,4020.939449433567,4021.616254890533,3963.08862985426,3986.528564453125,1761466.0
2025-01-20,4007.3105183689017,4007.3105183689017,3932.20634838258,3941.582275390625,1287799.0
2025-01-21,3958.497734138814,3973.673232978695,3895.379014571672,3901.03369140625,1971591.0
2025-01-22,3914.710849661748,4024.081010240327,3909.104549889888,4017.75,2409223.0
2025-01-23,4028.76919137392,4051.339285916404,4001.7526640783626,4006.97265625,1822998.0
2025-01-24,3966.9071126772737,4038.4351649039104,3966.9071126772737,4013.64208984375,1910099.0
2025-01-27,3964.973620692369,4017.508165667767,3906.05968881061,3929.3544921875,1551782.0
2025-01-28,3934.815871023738,3964.973594707956,3893.73557415024,3905.334716796875,2468272.0
2025-01-29,3918.577292622186,3970.6285432095738,3918.577292622186,3962.84716796875,1217089.0
2025-01-30,3962.943972286711,3991.941831258984,3922.927021299046,3963.0888671875,1531251.0
2025-01-31,3972.706876888982,3990.540749832513,3948.7836420464014,3975.026611328125,1492943.0
2025-02-01,3975.606317980592,3997.741255116248,3920.510387972108,3937.08740234375,437172.0
2025-02-03,3896.248821135845,3940.8089579536745,3865.1245003058734,3932.73779296875,1265713.0
2025-02-04,3947.285122132378,3981.261088025448,3930.2248097290194,3969.85498046875,2547132.0
2025-02-05,4011.370355071203,4011.370355071203,3939.84230536632,3954.43798828125,1693912.0
2025-02-06,3968.2602324120217,4001.221226388129,3916.209217331792,3946.366943359375,2284536.0
2025-02-07,3953.374595002479,3953.374595002479,3874.113784051329,3894.798828125,1548940.0
2025-02-10,3905.044842421511,3916.643985517812,3880.2517684472346,3902.0966796875,1339511.0
2025-02-11,3884.166289945256,3905.044841909931,3822.884244988559,3831.148681640625,1810908.0
2025-02-12,3838.446403733592,3887.40435763044,3808.5300926433138,3818.196044921875,1678002.0
2025-02-13,3835.4501025039126,3851.350547793316,3771.896462322554,3779.532470703125,2277310.0
2025-02-14,3793.886169424785,3816.1178590800137,3769.7212893647543,3803.4072265625,1681975.0
2025-02-17,3727.674956536778,3802.586095945984,3727.384930735576,3774.071533203125,1799806.0
2025-02-18,3768.175049061868,3793.3065270348457,3735.4075625604055,3743.81689453125,2149879.0
2025-02-19,3742.850013662312,3745.508150552804,3642.2757324813897,3657.693115234375,4366672.0
2025-02-20,3635.848185178673,3661.4629603766616,3625.988960412709,3653.150146484375,2888572.0
2025-02-21,3649.960586134303,3689.4942392872176,3648.897236916229,3659.52978515625,1833931.0
2025-02-24,3618.111196511734,3637.491479975729,3547.4048428794777,3552.81787109375,2508516.0
2025-02-25,3503.90809636369,3535.8057424823114,3500.2833638502107,3508.30615234375,4101954.0
2025-02-27,3491.0520789257853,3516.4735816470966,3480.419530987875,3491.873779296875,3823856.0
2025-02-28,3465.195760859545,3479.743067268356,3341.5199398740847,3366.89306640625,7085018.0
2025-03-03,3368.584826957939,3405.557099448941,3360.03036363457,3376.365966796875,4990439.0
2025-03-04,3357.951843598488,3432.379676631615,3348.5759170238152,3414.062744140625,2797737.0
2025-03-05,3403.2370189380595,3480.081342184221,3403.2370189380595,3428.561767578125,2501894.0
2025-03-06,3438.179308187808,3488.877181911339,3417.9775618337376,3481.28955078125,2786513.0
2025-03-07,3479.743027656133,3503.9079097926337,3454.998093954285,3490.56884765625,2051315.0
2025-03-10,3486.0259949428714,3501.1049762137254,3462.924461365468,3469.73876953125,1004626.0
2025-03-11,3439.1457755027523,3468.868578368607,3419.475468480392,3455.867919921875,1995450.0
2025-03-12,3445.912018992584,3450.020048748746,3370.372695635101,3389.076171875,3174167.0
2025-03-13,3385.306695598729,3406.5717917540665,3367.714708703622,3393.764404296875,1693004.0
2025-03-17,3372.450776071524,3412.516101378981,3361.1900359739784,3380.860107421875,2690906.0
2025-03-18,3380.860107421875,3380.860107421875,3380.860107421875,3380.860107421875,0.0
2025-03-19,3428.513281023437,3428.513281023437,3347.077632890868,3380.2802734375,3051244.0
2025-03-20,3394.68252652922,3459.3960314822807,3394.68252652922,3444.123779296875,2845192.0
2025-03-21,3358.918638080041,3495.450223009194,3349.252685164703,3458.57470703125,4161925.0
2025-03-24,3479.742944430365,3527.831058731868,3447.4587570622184,3507.725830078125,1834751.0
2025-03-25,3523.239631457287,3586.068321730188,3516.473464812513,3535.563720703125,3135390.0
2025-03-26,3525.897934373459,3557.553929809202,3504.7295921250025,3514.34716796875,1734499.0
2025-03-27,3494.0970689111577,3540.638537603521,3489.892285017066,3529.232666015625,2528474.0
2025-03-28,3529.0391458412178,3538.656721076703,3471.91327398366,3485.687255859375,2051919.0
2025-04-01,3453.354865404157,3464.277439125219,3407.248318336048,3432.1865234375,2618493.0
2025-04-02,3425.6138066504323,3445.0424669343693,3412.129849162714,3425.5654296875,1764313.0
2025-04-03,3374.3842427691143,3385.0167912281404,3282.702582798802,3289.46875,4537821.0
2025-04-04,3250.2733357697866,3286.085501586113,3185.414699028632,3189.184326171875,5317367.0
2025-04-07,2996.445205771086,3181.4514379526936,2953.963392712106,3164.68115234375,6623955.0
2025-04-08,3191.7458179951013,3237.1274167268007,3146.5574911118592,3182.94970703125,5557558.0
2025-04-09,3151.6321497293247,3160.76642752928,3104.752280697163,3138.148193359375,2990265.0
2025-04-11,3179.663390613554,3188.7492913945475,3098.904311833949,3123.552490234375,7108961.0
2025-04-15,3203.683386247662,3203.683386247662,3130.415650876791,3139.69482421875,3512160.0
2025-04-16,3139.695005759879,3168.596348657385,3121.136422017699,3164.43994140625,2384391.0
2025-04-17,3137.085076745666,3193.2443586174536,3110.50370573642,3188.701171875,2932346.0
2025-04-21,3180.1953142330854,3241.9606599617177,3174.3957423905777,3210.64306640625,2432946.0
2025-04-22,3211.6093750675464,3222.531712274605,3184.931252579041,3203.68310546875,2710498.0
2025-04-23,3252.593171873855,3306.625754540036,3225.818529364827,3298.98974609375,3543923.0
2025-04-24,3287.487405469672,3298.5064976170884,3274.534886715757,3287.970703125,2252175.0
2025-04-25,3305.755646389211,3361.6248972006574,3291.256718115574,3332.8203125,2742991.0
2025-04-28,3320.2548871373374,3342.2933073843687,3291.2570278610287,3328.470947265625,1593296.0
2025-04-29,3339.586779424834,3378.250591632357,3315.808440523134,3356.502197265625,1578332.0
2025-04-30,3356.018573547744,3392.652437661013,3253.559481152565,3338.329833984375,2809332.0
2025-05-02,3356.0188344779217,3374.867442563267,3305.755879583667,3316.388427734375,1721761.0
2025-05-05,3334.753505470742,3387.4329449049897,3331.27366828836,3338.909912109375,1284443.0
2025-05-06,3344.419677734375,3356.9854164079434,3322.1879862349847,3344.419677734375,1324763.0
2025-05-07,3306.335750758935,3343.9362109554654,3306.335750758935,3330.017333984375,1477128.0
2025-05-08,3332.8203442362383,3360.8516058321925,3314.165009149484,3333.690185546875,2543591.0
2025-05-09,3285.457254527544,3331.0805031274213,3284.5874131966707,3325.377685546875,2531757.0
2025-05-12,3387.916425868549,3509.22413241534,3385.209911911905,3499.46142578125,2228678.0
2025-05-13,3499.461570957545,3501.9748131612287,3393.232840630001,3397.58251953125,3062887.0
2025-05-14,3403.3818530870167,3442.045662835236,3391.396166459135,3430.156494140625,2119499.0
2025-05-15,3444.9454390459973,3479.7428677232297,3396.712430912456,3460.314208984375,3548330.0
2025-05-16,3473.846556756592,3473.846556756592,3427.6434928317944,3442.335693359375,1666727.0
2025-05-19,3431.413095326061,3431.413095326061,3386.659688604072,3401.25537109375,2537377.0
2025-05-20,3413.82137266364,3439.1461226598826,3377.2840226457647,3381.4404296875,2038374.0
2025-05-21,3390.8162851170264,3418.8475485914832,3381.4403579795026,3408.021728515625,1440153.0
2025-05-22,3378.2502763697157,3380.956790168703,3336.0101126719387,3360.8515625,2034383.0
2025-05-23,3360.851966080111,3416.9144952813326,3349.8328737001534,3397.196044921875,1274331.0
2025-05-26,3403.381901279341,3426.580187456764,3392.8461073678304,3419.137451171875,967470.0
2025-05-27,3414.014328285304,3421.747090070775,3366.74791626568,3381.82666015625,2467680.0
2025-05-28,3402.4152283668,3411.114585484783,3376.31715701285,3380.860107421875,1222933.0
2025-05-29,3387.626702221486,3414.498100356932,3370.034713912086,3381.247314453125,3188072.0
2025-05-30,3373.4175839622008,3389.5596782127777,3337.7503119241223,3347.7060546875,3404365.0
2025-06-02,3334.753574585144,3344.419526975246,3304.4025784742903,3334.560302734375,1877585.0
2025-06-03,3330.887082808426,3357.4684509968274,3286.907000896707,3291.449951171875,2848125.0
2025-06-04,3304.907652247958,3310.563782597761,3286.3791053631217,3297.008544921875,2544807.0
2025-06-05,3324.4113841471617,3324.4113841471617,3280.235380032571,3287.451904296875,3584683.0
2025-06-06,3287.452003626885,3306.7605099618336,3275.359545608902,3300.226806640625,2070390.0
2025-06-09,3315.634960419095,3348.791310023286,3306.760665733127,3336.991455078125,1718678.0
2025-06-10,3354.642197095073,3399.305794893864,3338.259013167141,3376.973876953125,2419874.0
2025-06-11,3383.8979728571367,3402.4265208353168,3363.516665314218,3385.750732421875,2847013.0
2025-06-12,3385.7505745896515,3388.481144938844,3338.259030391803,3348.986083984375,4060134.0
2025-06-13,3309.003383077588,3364.881627257479,3309.003383077588,3360.20068359375,2178493.0
2025-06-16,3354.642349665819,3421.9302340050463,3341.1847251814343,3409.54541015625,1934088.0
2025-06-17,3422.905193528652,3432.6570601768817,3401.5487008021014,3428.07373046875,2111940.0
2025-06-18,3431.7796073253016,3450.2105407014,3357.665418209048,3365.75927734375,2696327.0
2025-06-19,3364.393915194217,3365.3691018363024,3328.312009437062,3339.0390625,2672768.0
2025-06-20,3340.0145242959966,3360.786049100129,3326.264296276765,3350.448974609375,2351248.0
2025-06-23,3330.262454041982,3340.0143206716803,3286.37905420834,3309.3935546875,3123421.0
2025-06-24,3349.376392565029,3356.690292940616,3298.081476031171,3306.27294921875,3403048.0
2025-06-25,3322.7537403887272,3364.3941654870573,3315.634829755361,3359.3232421875,1757699.0
2025-06-26,3359.3232652421043,3365.759354753242,3330.555256962972,3356.397705078125,2879106.0
2025-06-27,3369.270333073048,3380.387367158931,3345.865850296273,3355.71533203125,1778433.0
2025-06-30,3354.544471150048,3378.924137465807,3344.890218522079,3376.09619140625,1468351.0
2025-07-01,3369.2699264830403,3398.525526423559,3328.7996798986564,3344.59765625,2375183.0
2025-07-02,3400.671024568939,3403.3039810516498,3335.1385257152824,3338.356689453125,3090585.0
2025-07-03,3344.8904436190446,3350.058980842342,3313.294489180619,3316.4150390625,2531870.0
2025-07-04,3323.436352565672,3341.964900305915,3305.980605453995,3334.943603515625,1109320.0
2025-07-07,3333.481005692293,3341.0875101654565,3323.8265137554163,3327.044677734375,1639174.0
2025-07-08,3320.510975827842,3340.0147113686808,3309.1987139810717,3321.68115234375,2325242.0
2025-07-09,3325.3865128143525,3329.28725945695,3283.4534864064294,3299.836669921875,2034938.0
2025-07-10,3296.131169495676,3314.659717489882,3272.7266878187834,3298.08154296875,3035012.0
2025-07-11,3218.01845022253,3252.247598137654,3180.1813972680684,3184.959716796875,7635550.0
2025-07-14,3184.9597625910983,3190.8108827918168,3120.5974403831947,3142.734130859375,3924009.0
2025-07-15,3126.448660244279,3178.523536457564,3126.448660244279,3171.599853515625,2590889.0
2025-07-16,3157.607249475903,3175.1222359666176,3151.344969328223,3163.576171875,2540733.0
2025-07-17,3154.7696780470374,3172.2846643823304,3135.199754145851,3140.18994140625,2947640.0
2025-07-18,3155.6502438038765,3159.3685771406017,3118.46738821797,3121.304931640625,3432645.0
2025-07-21,3121.4030943290218,3128.83976152069,3084.2202361520617,3090.286865234375,3844346.0
2025-07-22,3091.65673828125,3111.7159107005,3086.764257203384,3091.65673828125,3198036.0
2025-07-23,3091.6566291573,3113.5748480562365,3089.6996367952283,3110.7373046875,1922875.0
2025-07-24,3097.0385335433134,3105.453457842372,3072.478182452152,3080.30615234375,2934778.0
2025-07-25,3072.4780444334683,3089.014534530361,3058.3877948178133,3068.368408203125,2568917.0
2025-07-28,3043.12328264916,3050.9512525080645,3003.885488175128,3013.08349609375,3374473.0
2025-07-29,2994.198408676068,3007.8973556438664,2975.802632112602,2990.284423828125,4785312.0
2025-07-30,2994.1983151611034,3003.0047807939304,2981.673516260727,2987.93603515625,2880121.0
2025-07-31,2976.291850287368,2994.0027271024683,2950.166049468222,2971.497314453125,2968371.0
2025-08-01,2964.7455243430377,2971.4972914199097,2935.488583681943,2938.424072265625,2053847.0
2025-08-04,2944.392964480288,3013.181055141491,2927.2692812506943,3008.28857421875,2519252.0
2025-08-05,3008.2886143717656,3011.322048140622,2976.5854331255146,2998.014404296875,1927996.0
2025-08-06,2997.1337788834585,3000.8521121202134,2960.9294204705666,2967.093994140625,1487081.0
2025-08-07,2951.1446440658847,2985.9792055799644,2946.154217712285,2981.47802734375,2543076.0
2025-08-08,2982.5543093380406,2994.002666894786,2959.9509519667536,2971.105712890625,2762140.0
2025-08-11,2971.105606429514,2984.3153044195046,2956.330457938069,2975.4111328125,1884215.0
2025-08-12,2975.6068714078456,3029.8154640054736,2961.809979769089,2970.127197265625,3358232.0
2025-08-13,2970.812449963036,2978.9337774241835,2963.473728360306,2970.91015625,2148166.0
2025-08-14,2968.757439673081,2990.1864106721328,2954.1779420022144,2957.30908203125,3342174.0
2025-08-18,2980.988718063058,2983.434958599791,2938.815435653507,2946.44775390625,2945609.0
2025-08-19,2946.4476070609903,2959.950901928915,2946.349900778797,2951.340087890625,2650784.0
2025-08-20,2946.1539583708727,3036.664852119672,2946.1539583708727,3031.96826171875,4952358.0
2025-08-21,3062.693270119804,3062.693270119804,3016.801891436903,3035.882568359375,3230726.0
2025-08-22,3019.639270954844,3029.1306363096523,2984.4134077810354,2988.327392578125,1593791.0
2025-08-25,3020.9115315912086,3084.220191422538,3010.9309175823823,3073.0654296875,3448370.0
2025-08-26,3061.7145608480614,3094.0049349317896,3052.9080951888627,3089.30810546875,5522097.0
2025-08-28,3077.370733980466,3078.838478368692,3020.1287028396528,3027.173828125,3116051.0
2025-08-29,3026.4887537573413,3048.0156702082504,3011.028465982645,3018.3671875,2271789.0
2025-09-01,3023.553127605553,3063.7694152474464,3023.553127605553,3045.667236328125,1246862.0
2025-09-02,3053.9847239556466,3087.1556510845603,3036.371791556432,3044.591064453125,2185229.0
2025-09-03,3062.595272321678,3074.33722714916,3021.5963756053266,3030.89208984375,1799774.0
2025-09-04,3048.99413571954,3050.951128104469,3024.3360794475675,3029.130615234375,1481391.0
2025-09-05,3030.500662110197,3036.664997028233,2963.47367273015,2982.75,2802055.0
2025-09-08,2984.413214194218,2998.9927110613958,2951.144345576971,2954.079833984375,2626187.0
2025-09-09,2966.898378981974,2994.19832699537,2965.62628616296,2983.826171875,2489301.0
2025-09-10,2990.675797260498,3055.550145422665,2987.740308555338,3043.123291015625,2079428.0
2025-09-11,3071.499614002741,3071.499614002741,3043.221168990462,3057.017822265625,2263446.0
2025-09-12,3076.3919302537256,3080.990814432397,3053.886518550216,3066.019775390625,1447167.0
2025-09-15,3066.607284819441,3066.607284819441,3029.4244268669395,3044.982421875,1732539.0
2025-09-16,3060.736085121159,3082.26300132086,3042.242602669502,3078.055419921875,2573429.0
2025-09-17,3084.2199854121977,3113.966173979194,3074.8263264485827,3104.57275390625,2418271.0
2025-09-18,3116.51048247651,3134.1234145595795,3093.41787596688,3108.388916015625,2633138.0
2025-09-19,3101.8328935510035,3112.107103450778,3076.3919928468,3101.050048828125,4901694.0
2025-09-22,3028.445731768582,3040.089740964508,2999.090845838676,3007.70166015625,3634901.0
2025-09-23,3003.983542191669,3014.4534044791503,2986.3706093710016,2996.546875,3177741.0
2025-09-24,2984.4133369924134,2991.262810224855,2967.778901999341,2970.127197265625,1625714.0
2025-09-25,2957.015390749667,2964.452057109936,2887.5421635017437,2893.804443359375,4974361.0
2025-09-26,2877.757441821336,2891.260737711385,2829.126226471788,2836.758544921875,3934636.0
2025-09-29,2853.2947314486933,2866.3087778304835,2831.7678164651984,2833.82275390625,3110035.0
2025-09-30,2848.402439766557,2852.610021207006,2823.0594837288886,2826.288330078125,2253458.0
2025-10-01,2828.8326264436423,2861.9058470940704,2804.957413772581,2851.53369140625,1952902.0
2025-10-03,2861.1229086009284,2861.1229086009284,2828.9304789544044,2839.498046875,2899519.0
2025-10-06,2839.595963591641,2929.22631078988,2833.3336834873367,2924.137939453125,2112774.0
2025-10-07,2930.5959216848555,2939.891634958981,2891.945324387176,2909.75390625,3062943.0
2025-10-08,2911.0263039913752,2977.5640480826064,2904.176830334925,2962.103759765625,4121889.0
2025-10-09,2968.757519004287,3000.069397912704,2955.0585719818546,2995.86181640625,3211304.0
2025-10-10,2984.413250266025,3003.983173218589,2942.239970746985,2963.179931640625,8817365.0
2025-10-13,2961.9079637241057,2970.225181329542,2933.7272257063764,2942.53369140625,2866865.0
2025-10-14,2956.0370052457697,2962.1036338769445,2891.9455044700007,2896.642333984375,3611416.0
2025-10-15,2917.954894078994,2926.499513769408,2898.31197994854,2916.7763671875,4282226.0
2025-10-16,2916.87439174088,2921.883430677564,2890.553079047838,2917.66015625,3251495.0
2025-10-17,2916.972551528368,2935.4369375213087,2902.6331292681275,2909.311767578125,4374683.0
2025-10-20,2932.1958010354274,2969.0262624451843,2925.320781572273,2961.365478515625,3133039.0
2025-10-21,2976.981832168517,2977.669286180243,2942.508423286113,2953.017333984375,310644.0
2025-10-23,3000.4550745732363,3042.687339125331,2981.892616996725,3018.330078125,5564758.0
2025-10-24,3025.0086400055093,3034.8300966289034,3003.6961270890743,3008.508544921875,2684318.0
2025-10-27,3011.749660724532,3038.955047499024,3005.56209512184,3029.821044921875,1946312.0
2025-10-28,3021.0801556355614,3035.0265765381446,2985.919291823652,3003.30322265625,3470737.0
2025-10-29,3003.3032409472494,3021.080174034828,2991.714113509379,3003.0087890625,2895420.0
2025-10-30,2994.6603471523654,3009.097840009136,2978.6513253692647,2981.106689453125,2241536.0
2025-10-31,2980.8120174669925,3012.6334402910475,2971.088871543434,3003.4013671875,1868085.0
2025-11-03,2992.499451583931,3003.4013640895914,2956.2583734171585,2962.93701171875,2194877.0
2025-11-04,2965.687239045192,2975.214004338424,2922.8655907942766,2936.81201171875,2670720.0
2025-11-06,2936.7138956519902,2970.008538313676,2936.61558517126,2957.142333984375,2542721.0
2025-11-07,2947.419237380036,2950.365674471718,2907.6423366423182,2938.383544921875,1830520.0
2025-11-10,2939.5619693268272,2993.4816703122747,2938.579823663838,2971.18701171875,1556656.0
2025-11-11,2990.633609021809,3001.142519888641,2964.1156755427983,2992.597900390625,2806868.0
2025-11-12,3005.365683563726,3080.4015151753365,3002.51755709654,3075.8837890625,4460315.0
2025-11-13,3075.8838537295965,3075.981924427489,3046.61586484088,3050.249755859375,1740435.0
2025-11-14,3034.830102963518,3057.517763723578,3022.356900982103,3050.54443359375,2210794.0
2025-11-17,3050.544457369475,3067.732006630249,3031.4909272444797,3046.812255859375,2232853.0
2025-11-18,3046.615807873648,3049.5622448251693,3023.0443122614724,3031.98193359375,2548350.0
2025-11-19,3041.705020306013,3098.669466924596,3028.4460542827223,3091.499755859375,3151053.0
2025-11-20,3091.794673762747,3108.000077866014,3082.071527213453,3088.65185546875,2700767.0
2025-11-21,3088.6516518716926,3113.4016740052466,3079.2229578295533,3094.34814453125,4177037.0
2025-11-24,3101.616062202543,3122.1428110333977,3075.0981288018247,3085.115966796875,6703764.0
2025-11-25,3089.142887490615,3093.562543096727,3059.3838251197944,3063.5087890625,2737920.0
2025-11-26,3063.115986297256,3121.258962436661,3061.348076121797,3106.428466796875,2508527.0
2025-11-27,3123.223169867727,3123.223169867727,3069.205159068128,3080.59814453125,2836233.0
2025-11-28,3083.937297684263,3091.1070087848907,3069.205113141185,3081.48193359375,1616690.0
2025-12-01,3081.8747335418534,3097.687374390369,3066.4550948216056,3077.455078125,1747647.0
2025-12-02,3075.0980746626374,3087.8659682974558,3064.6872347092776,3079.714111328125,2512003.0
2025-12-03,3083.937318813876,3154.5534946281955,3082.9551731709416,3123.22314453125,3952112.0
2025-12-04,3136.9731988901626,3191.9733551637537,3130.4909417024,3171.544677734375,5025905.0
2025-12-05,3172.330486734928,3213.187842167148,3164.866083794654,3180.384033203125,5244013.0
2025-12-08,3185.0983021118977,3201.6964674714213,3151.3125880977464,3178.71435546875,2544725.0
2025-12-09,3172.330579931189,3175.964471029267,3124.401822284255,3151.01806640625,2734893.0
2025-12-10,3167.41989738469,3167.41989738469,3121.357359750894,3132.259033203125,1386849.0
2025-12-11,3147.776848623936,3151.1160479641035,3096.8035846478047,3134.91064453125,1914362.0
2025-12-12,3140.607031689688,3165.4553640739014,3128.8212841349605,3163.0,1146554.0
2025-12-15,3153.76801727613,3180.384020730158,3140.2143592438706,3172.52685546875,1562190.0
2025-12-16,3162.509118995985,3162.509118995985,3134.1252044928165,3147.875244140625,1734623.0
2025-12-17,3143.357220604169,3179.107227122374,3143.357220604169,3160.348388671875,1376350.0
2025-12-18,3170.366292342023,3229.09865265339,3163.491272501132,3222.2236328125,2307422.0
2025-12-19,3240.09857605464,3258.661033366418,3220.259281411304,3223.402099609375,3902511.0
2025-12-22,3250.902257836416,3269.170263717588,3232.2414895890165,3265.5361328125,2632816.0
2025-12-23,3260.625245626059,3260.625245626059,3234.6966963938,3250.902099609375,2365420.0
2025-12-24,3245.107580613968,3267.696930860065,3237.2504153109776,3259.741455078125,1367708.0
2025-12-26,3253.9468611908032,3260.723570288681,3213.384197736604,3221.437744140625,1176664.0
2025-12-29,3221.437683809396,3229.294848891858,3184.9999848268185,3193.446533203125,2079473.0
2025-12-30,3191.973384551631,3209.160933545371,3181.660855155388,3188.83056640625,2807593.0
2025-12-31,3182.151893056932,3188.0447669329637,3141.392848747715,3148.955322265625,3362634.0
2026-01-01,3157.59834501185,3176.3574233163417,3141.0982497161094,3169.77685546875,1255735.0
2026-01-02,3176.259103902428,3196.196709004467,3162.017991655493,3192.660888671875,1184324.0
2026-01-05,3182.642968809425,3189.026915514335,3134.026759287417,3158.6787109375,2341703.0
2026-01-06,3152.687602211108,3204.9377039238207,3147.7768738587542,3197.669921875,2912325.0
2026-01-07,3185.000010126568,3241.6700055592964,3165.651788913644,3236.75927734375,1989442.0
2026-01-08,3228.2143763788763,3228.2143763788763,3125.1873956712,3146.6962890625,4159336.0
2026-01-09,3134.0267606372377,3172.0357492326657,3134.0267606372377,3150.52685546875,1938673.0
2026-01-12,3145.8126491306843,3193.937788002805,3117.625115747632,3181.75927734375,2228342.0
2026-01-13,3187.0627488471305,3221.437847833155,3153.1787227037635,3209.652099609375,5645341.0
2026-01-14,3201.7948316366483,3201.7948316366483,3126.169616288176,3135.5,3539511.0
2026-01-15,3135.5,3135.5,3135.5,3135.5,0.0
2026-01-16,3219.39990234375,3221.89990234375,3171.0,3206.699951171875,4293470.0
2026-01-19,3188.0,3220.0,3152.10009765625,3163.60009765625,3387562.0
2026-01-20,3151.60009765625,3160.0,3091.10009765625,3102.300048828125,4499273.0
2026-01-21,3100.0,3138.5,3082.0,3122.60009765625,2015150.0
2026-01-22,3150.0,3160.0,3122.300048828125,3150.39990234375,2269827.0
2026-01-23,3190.300048828125,3194.5,3152.0,3162.5,2068857.0
2026-01-27,3175.0,3175.0,3130.0,3158.0,4279874.0
2026-01-28,3176.0,3205.199951171875,3170.60009765625,3200.10009765625,2751234.0
2026-01-29,3200.10009765625,3200.10009765625,3125.60009765625,3144.39990234375,2457641.0
2026-01-30,3141.0,3141.0,3092.0,3123.89990234375,3022068.0
2026-02-02,3198.0,3198.0,3134.0,3169.60009765625,2636272.0
2026-02-03,3350.0,3350.0,3186.300048828125,3225.300048828125,4366060.0
2026-02-04,3120.0,3120.0,2986.0,2999.10009765625,10852595.0
2026-02-05,2990.0,3029.699951171875,2972.300048828125,2991.5,3521545.0
2026-02-06,2976.60009765625,2985.0,2916.0,2941.60009765625,4687389.0
2026-02-09,2959.10009765625,2977.0,2937.5,2948.199951171875,2380318.0
2026-02-10,2949.800048828125,3011.60009765625,2943.5,2984.60009765625,3547763.0
2026-02-11,2980.0,2998.0,2904.199951171875,2909.800048828125,3363513.0
2026-02-12,2869.800048828125,2880.0,2740.0,2750.10009765625,10612156.0
2026-02-13,2585.0,2713.0,2585.0,2692.199951171875,11168735.0
2026-02-16,2700.0,2719.800048828125,2671.0,2706.60009765625,2918730.0
2026-02-17,2716.0,2760.0,2695.199951171875,2717.39990234375,4209118.0
2026-02-18,2730.0,2730.0,2657.300048828125,2694.89990234375,2950820.0
2026-02-19,2708.0,2748.699951171875,2666.60009765625,2677.89990234375,3237322.0
